{"type": "FeatureCollection", "features": [{"type": "Feature", "geometry": {"type": "Point", "coordinates": [79.1269, 21.0831]}, "properties": {"sr": "1", "taluka": "Nagpur", "site": "Hudkeshwar Bk.", "aquifer": "shallow", "ph": 8.0, "ec": 1160.0, "tds": 757.0, "th": 245.0, "ca": 92.0, "mg": 3.6, "na": 152.0, "k": 4.7, "hco3": 170.0, "cl": 199.0, "so4": 20.0, "no3": 40.0, "f": null, "sar": 4.22, "rsc": -2.11, "page": 245.0, "is10500_exceedances": "", "n_params_tested": 5, "irrigation_class_e": "pass", "source_agency": "CGWB", "sample_period": "compiled 2019-20 (NAQUIM), no per-sample date published"}}, {"type": "Feature", "geometry": {"type": "Point", "coordinates": [79.1908, 21.0367]}, "properties": {"sr": "2", "taluka": "Umred", "site": "Wadegaon", "aquifer": "shallow", "ph": 7.9, "ec": 968.0, "tds": 632.0, "th": 345.0, "ca": 90.0, "mg": 29.2, "na": 62.0, "k": 2.0, "hco3": 160.0, "cl": 128.0, "so4": 23.0, "no3": 47.0, "f": null, "sar": 1.45, "rsc": -4.28, "page": 245.0, "is10500_exceedances": "nitrate", "n_params_tested": 5, "irrigation_class_e": "pass", "source_agency": "CGWB", "sample_period": "compiled 2019-20 (NAQUIM), no per-sample date published"}}, {"type": "Feature", "geometry": {"type": "Point", "coordinates": [79.0928, 21.05]}, "properties": {"sr": "3", "taluka": "Nagpur (R)", "site": "Banawadi", "aquifer": "shallow", "ph": 7.7, "ec": 670.0, "tds": 438.0, "th": 300.0, "ca": 90.0, "mg": 18.2, "na": 16.0, "k": 2.0, "hco3": 149.0, "cl": 50.0, "so4": 22.0, "no3": 29.0, "f": null, "sar": 0.4, "rsc": -3.56, "page": 245.0, "is10500_exceedances": "", "n_params_tested": 5, "irrigation_class_e": "pass", "source_agency": "CGWB", "sample_period": "compiled 2019-20 (NAQUIM), no per-sample date published"}}, {"type": "Feature", "geometry": {"type": "Point", "coordinates": [79.1378, 20.9822]}, "properties": {"sr": "4", "taluka": "Umred", "site": "Matkazari", "aquifer": "shallow", "ph": 7.6, "ec": 965.0, "tds": 630.0, "th": 275.0, "ca": 90.0, "mg": 12.2, "na": 92.0, "k": 19.6, "hco3": 273.0, "cl": 57.0, "so4": 24.0, "no3": 31.0, "f": null, "sar": 2.41, "rsc": -1.03, "page": 245.0, "is10500_exceedances": "", "n_params_tested": 5, "irrigation_class_e": "pass", "source_agency": "CGWB", "sample_period": "compiled 2019-20 (NAQUIM), no per-sample date published"}}, {"type": "Feature", "geometry": {"type": "Point", "coordinates": [79.1378, 20.8844]}, "properties": {"sr": "5", "taluka": "Umred", "site": "Jamgarh", "aquifer": "shallow", "ph": 8.1, "ec": 670.0, "tds": 438.0, "th": 260.0, "ca": 84.0, "mg": 12.2, "na": 23.0, "k": 2.0, "hco3": 152.0, "cl": 50.0, "so4": 23.0, "no3": 28.0, "f": null, "sar": 0.62, "rsc": -2.7, "page": 245.0, "is10500_exceedances": "", "n_params_tested": 5, "irrigation_class_e": "pass", "source_agency": "CGWB", "sample_period": "compiled 2019-20 (NAQUIM), no per-sample date published"}}, {"type": "Feature", "geometry": {"type": "Point", "coordinates": [79.0814, 20.8589]}, "properties": {"sr": "6", "taluka": "Umred", "site": "Chargaon", "aquifer": "shallow", "ph": 7.8, "ec": 902.0, "tds": 589.0, "th": 370.0, "ca": 108.0, "mg": 24.3, "na": 37.0, "k": 7.8, "hco3": 135.0, "cl": 160.0, "so4": 24.0, "no3": 42.0, "f": null, "sar": 0.83, "rsc": -5.19, "page": 245.0, "is10500_exceedances": "", "n_params_tested": 5, "irrigation_class_e": "pass", "source_agency": "CGWB", "sample_period": "compiled 2019-20 (NAQUIM), no per-sample date published"}}, {"type": "Feature", "geometry": {"type": "Point", "coordinates": [78.9561, 20.8225]}, "properties": {"sr": "7", "taluka": "Nagpur (R)", "site": "Chimnazari", "aquifer": "shallow", "ph": 7.6, "ec": 995.0, "tds": 650.0, "th": 400.0, "ca": 96.0, "mg": 38.9, "na": 44.0, "k": 0.4, "hco3": 202.0, "cl": 113.0, "so4": 8.0, "no3": 43.0, "f": null, "sar": 0.95, "rsc": -4.69, "page": 245.0, "is10500_exceedances": "", "n_params_tested": 5, "irrigation_class_e": "pass", "source_agency": "CGWB", "sample_period": "compiled 2019-20 (NAQUIM), no per-sample date published"}}, {"type": "Feature", "geometry": {"type": "Point", "coordinates": [79.1208, 21.0931]}, "properties": {"sr": "8", "taluka": "Nagpur", "site": "Saubhagyanagar", "aquifer": "shallow", "ph": 7.9, "ec": 1050.0, "tds": 686.0, "th": 360.0, "ca": 122.0, "mg": 13.4, "na": 71.0, "k": 7.8, "hco3": 142.0, "cl": 195.0, "so4": 6.0, "no3": 81.0, "f": null, "sar": 1.63, "rsc": -4.88, "page": 245.0, "is10500_exceedances": "nitrate", "n_params_tested": 5, "irrigation_class_e": "pass", "source_agency": "CGWB", "sample_period": "compiled 2019-20 (NAQUIM), no per-sample date published"}}, {"type": "Feature", "geometry": {"type": "Point", "coordinates": [79.0264, 21.1119]}, "properties": {"sr": "9", "taluka": "Nagpur", "site": "Jaitala", "aquifer": "shallow", "ph": 8.1, "ec": 315.0, "tds": 206.0, "th": 110.0, "ca": 40.0, "mg": 2.4, "na": 21.0, "k": 3.9, "hco3": 64.0, "cl": 21.0, "so4": 23.0, "no3": 23.0, "f": null, "sar": 0.86, "rsc": -1.15, "page": 245.0, "is10500_exceedances": "", "n_params_tested": 5, "irrigation_class_e": "pass", "source_agency": "CGWB", "sample_period": "compiled 2019-20 (NAQUIM), no per-sample date published"}}, {"type": "Feature", "geometry": {"type": "Point", "coordinates": [78.9617, 21.0358]}, "properties": {"sr": "10", "taluka": "Hingna", "site": "Panjari", "aquifer": "shallow", "ph": 8.1, "ec": 916.0, "tds": 598.0, "th": 240.0, "ca": 82.0, "mg": 8.5, "na": 92.0, "k": 7.8, "hco3": 199.0, "cl": 110.0, "so4": 6.0, "no3": 31.0, "f": null, "sar": 2.58, "rsc": -1.55, "page": 245.0, "is10500_exceedances": "", "n_params_tested": 5, "irrigation_class_e": "pass", "source_agency": "CGWB", "sample_period": "compiled 2019-20 (NAQUIM), no per-sample date published"}}, {"type": "Feature", "geometry": {"type": "Point", "coordinates": [79.1228, 21.1889]}, "properties": {"sr": "11", "taluka": "Nagpur", "site": "Pioli Nadi", "aquifer": "shallow", "ph": 8.0, "ec": 815.0, "tds": 532.0, "th": 350.0, "ca": 88.0, "mg": 31.6, "na": 35.0, "k": 3.9, "hco3": 131.0, "cl": 117.0, "so4": 48.0, "no3": 25.0, "f": null, "sar": 0.8, "rsc": -4.85, "page": 245.0, "is10500_exceedances": "", "n_params_tested": 5, "irrigation_class_e": "pass", "source_agency": "CGWB", "sample_period": "compiled 2019-20 (NAQUIM), no per-sample date published"}}, {"type": "Feature", "geometry": {"type": "Point", "coordinates": [78.95, 20.9625]}, "properties": {"sr": "12", "taluka": "Hingna", "site": "Salai Dabha", "aquifer": "shallow", "ph": 7.7, "ec": 1045.0, "tds": 682.0, "th": 285.0, "ca": 100.0, "mg": 8.5, "na": 104.0, "k": 3.9, "hco3": 174.0, "cl": 156.0, "so4": 11.0, "no3": 48.0, "f": null, "sar": 2.67, "rsc": -2.85, "page": 245.0, "is10500_exceedances": "nitrate", "n_params_tested": 5, "irrigation_class_e": "pass", "source_agency": "CGWB", "sample_period": "compiled 2019-20 (NAQUIM), no per-sample date published"}}, {"type": "Feature", "geometry": {"type": "Point", "coordinates": [78.8874, 20.9505]}, "properties": {"sr": "13", "taluka": "Hingna", "site": "Lakhmpur", "aquifer": "shallow", "ph": 7.8, "ec": 606.0, "tds": 396.0, "th": 250.0, "ca": 74.0, "mg": 15.8, "na": 23.0, "k": 2.0, "hco3": 163.0, "cl": 21.0, "so4": 24.0, "no3": 19.0, "f": null, "sar": 0.63, "rsc": -2.33, "page": 245.0, "is10500_exceedances": "", "n_params_tested": 5, "irrigation_class_e": "pass", "source_agency": "CGWB", "sample_period": "compiled 2019-20 (NAQUIM), no per-sample date published"}}, {"type": "Feature", "geometry": {"type": "Point", "coordinates": [78.9, 20.9094]}, "properties": {"sr": "14", "taluka": "Hingna", "site": "Khairi kh.", "aquifer": "shallow", "ph": 7.6, "ec": 972.0, "tds": 635.0, "th": 235.0, "ca": 80.0, "mg": 8.5, "na": 115.0, "k": 3.9, "hco3": 163.0, "cl": 113.0, "so4": 53.0, "no3": 37.0, "f": null, "sar": 3.26, "rsc": -2.03, "page": 245.0, "is10500_exceedances": "", "n_params_tested": 5, "irrigation_class_e": "pass", "source_agency": "CGWB", "sample_period": "compiled 2019-20 (NAQUIM), no per-sample date published"}}, {"type": "Feature", "geometry": {"type": "Point", "coordinates": [78.7814, 20.8998]}, "properties": {"sr": "15", "taluka": "Hingna", "site": "Chauki", "aquifer": "shallow", "ph": 7.8, "ec": 608.0, "tds": 397.0, "th": 230.0, "ca": 76.0, "mg": 9.7, "na": 35.0, "k": 2.0, "hco3": 149.0, "cl": 25.0, "so4": 34.0, "no3": 25.0, "f": null, "sar": 0.99, "rsc": -2.16, "page": 245.0, "is10500_exceedances": "", "n_params_tested": 5, "irrigation_class_e": "pass", "source_agency": "CGWB", "sample_period": "compiled 2019-20 (NAQUIM), no per-sample date published"}}, {"type": "Feature", "geometry": {"type": "Point", "coordinates": [78.7948, 20.9896]}, "properties": {"sr": "16", "taluka": "Hingna", "site": "Navegaon", "aquifer": "shallow", "ph": 7.9, "ec": 550.0, "tds": 359.0, "th": 200.0, "ca": 72.0, "mg": 4.9, "na": 35.0, "k": 3.9, "hco3": 142.0, "cl": 25.0, "so4": 34.0, "no3": 19.0, "f": null, "sar": 1.06, "rsc": -1.68, "page": 245.0, "is10500_exceedances": "", "n_params_tested": 5, "irrigation_class_e": "pass", "source_agency": "CGWB", "sample_period": "compiled 2019-20 (NAQUIM), no per-sample date published"}}, {"type": "Feature", "geometry": {"type": "Point", "coordinates": [78.8374, 21.0517]}, "properties": {"sr": "17", "taluka": "Hingna", "site": "Ambazari", "aquifer": "shallow", "ph": 8.0, "ec": 709.0, "tds": 463.0, "th": 290.0, "ca": 100.0, "mg": 9.7, "na": 28.0, "k": 3.9, "hco3": 177.0, "cl": 35.0, "so4": 48.0, "no3": 25.0, "f": null, "sar": 0.7, "rsc": -2.89, "page": 245.0, "is10500_exceedances": "", "n_params_tested": 5, "irrigation_class_e": "pass", "source_agency": "CGWB", "sample_period": "compiled 2019-20 (NAQUIM), no per-sample date published"}}, {"type": "Feature", "geometry": {"type": "Point", "coordinates": [79.2192, 20.9203]}, "properties": {"sr": "18", "taluka": "Umred", "site": "Paradgaon", "aquifer": "shallow", "ph": 7.9, "ec": 460.0, "tds": 300.0, "th": 200.0, "ca": 62.0, "mg": 10.9, "na": 14.0, "k": 2.0, "hco3": 71.0, "cl": 64.0, "so4": 38.0, "no3": 12.0, "f": null, "sar": 0.42, "rsc": -2.84, "page": 245.0, "is10500_exceedances": "", "n_params_tested": 5, "irrigation_class_e": "pass", "source_agency": "CGWB", "sample_period": "compiled 2019-20 (NAQUIM), no per-sample date published"}}, {"type": "Feature", "geometry": {"type": "Point", "coordinates": [79.2828, 20.9172]}, "properties": {"sr": "19", "taluka": "Umred", "site": "Virali", "aquifer": "shallow", "ph": 8.1, "ec": 954.0, "tds": 623.0, "th": 380.0, "ca": 118.0, "mg": 20.7, "na": 46.0, "k": 3.9, "hco3": 89.0, "cl": 181.0, "so4": 72.0, "no3": 37.0, "f": null, "sar": 1.03, "rsc": -6.15, "page": 245.0, "is10500_exceedances": "", "n_params_tested": 5, "irrigation_class_e": "pass", "source_agency": "CGWB", "sample_period": "compiled 2019-20 (NAQUIM), no per-sample date published"}}, {"type": "Feature", "geometry": {"type": "Point", "coordinates": [79.3575, 20.9128]}, "properties": {"sr": "20", "taluka": "Umred", "site": "Bramhni", "aquifer": "shallow", "ph": 7.9, "ec": 2433.0, "tds": 1589.0, "th": 625.0, "ca": 98.0, "mg": 92.4, "na": 276.0, "k": 11.7, "hco3": 43.0, "cl": 638.0, "so4": 211.0, "no3": 37.0, "f": null, "sar": 4.8, "rsc": -11.8, "page": 245.0, "is10500_exceedances": "hardness", "n_params_tested": 5, "irrigation_class_e": "fail", "source_agency": "CGWB", "sample_period": "compiled 2019-20 (NAQUIM), no per-sample date published"}}, {"type": "Feature", "geometry": {"type": "Point", "coordinates": [79.3378, 20.829]}, "properties": {"sr": "21", "taluka": "Umred", "site": "Belgaon", "aquifer": "shallow", "ph": 8.1, "ec": 4920.0, "tds": 3213.0, "th": 225.0, "ca": 64.0, "mg": 15.8, "na": 1035.0, "k": 15.6, "hco3": 124.0, "cl": 1450.0, "so4": 240.0, "no3": 12.0, "f": null, "sar": 30.0, "rsc": -2.47, "page": 245.0, "is10500_exceedances": "TDS", "n_params_tested": 5, "irrigation_class_e": "fail", "source_agency": "CGWB", "sample_period": "compiled 2019-20 (NAQUIM), no per-sample date published"}}, {"type": "Feature", "geometry": {"type": "Point", "coordinates": [79.2319, 20.7783]}, "properties": {"sr": "22", "taluka": "Umred", "site": "Dighori", "aquifer": "shallow", "ph": 8.1, "ec": 660.0, "tds": 431.0, "th": 240.0, "ca": 58.0, "mg": 23.1, "na": 41.0, "k": 3.9, "hco3": 53.0, "cl": 149.0, "so4": 22.0, "no3": 17.0, "f": null, "sar": 1.16, "rsc": -3.93, "page": 245.0, "is10500_exceedances": "", "n_params_tested": 5, "irrigation_class_e": "pass", "source_agency": "CGWB", "sample_period": "compiled 2019-20 (NAQUIM), no per-sample date published"}}, {"type": "Feature", "geometry": {"type": "Point", "coordinates": [78.7439, 21.1172]}, "properties": {"sr": "23", "taluka": "Nagpur (R)", "site": "Shiwa", "aquifer": "shallow", "ph": 8.2, "ec": 648.0, "tds": 423.0, "th": 270.0, "ca": 86.0, "mg": 13.4, "na": 23.0, "k": 3.9, "hco3": 142.0, "cl": 46.0, "so4": 24.0, "no3": 37.0, "f": null, "sar": 0.61, "rsc": -3.08, "page": 245.0, "is10500_exceedances": "", "n_params_tested": 5, "irrigation_class_e": "pass", "source_agency": "CGWB", "sample_period": "compiled 2019-20 (NAQUIM), no per-sample date published"}}, {"type": "Feature", "geometry": {"type": "Point", "coordinates": [78.7567, 21.0886]}, "properties": {"sr": "24", "taluka": "Hingna", "site": "Digdoh", "aquifer": "shallow", "ph": 7.9, "ec": 1343.0, "tds": 877.0, "th": 530.0, "ca": 180.0, "mg": 19.4, "na": 64.0, "k": 7.8, "hco3": 238.0, "cl": 199.0, "so4": 23.0, "no3": 37.0, "f": null, "sar": 1.22, "rsc": -6.71, "page": 245.0, "is10500_exceedances": "", "n_params_tested": 5, "irrigation_class_e": "pass", "source_agency": "CGWB", "sample_period": "compiled 2019-20 (NAQUIM), no per-sample date published"}}, {"type": "Feature", "geometry": {"type": "Point", "coordinates": [78.8314, 21.1122]}, "properties": {"sr": "25", "taluka": "Hingna", "site": "Turagondi", "aquifer": "shallow", "ph": 8.0, "ec": 658.0, "tds": 430.0, "th": 205.0, "ca": 64.0, "mg": 10.9, "na": 53.0, "k": 3.9, "hco3": 82.0, "cl": 78.0, "so4": 58.0, "no3": 25.0, "f": null, "sar": 1.61, "rsc": -2.76, "page": 245.0, "is10500_exceedances": "", "n_params_tested": 5, "irrigation_class_e": "pass", "source_agency": "CGWB", "sample_period": "compiled 2019-20 (NAQUIM), no per-sample date published"}}, {"type": "Feature", "geometry": {"type": "Point", "coordinates": [79.1181, 20.7477]}, "properties": {"sr": "26", "taluka": "Umred", "site": "Belpeth/Shedesh war", "aquifer": "shallow", "ph": 8.1, "ec": 1600.0, "tds": 1045.0, "th": 640.0, "ca": 120.0, "mg": 82.6, "na": 78.0, "k": 7.8, "hco3": 284.0, "cl": 206.0, "so4": 82.0, "no3": 37.0, "f": null, "sar": 1.34, "rsc": -8.15, "page": 246.0, "is10500_exceedances": "hardness", "n_params_tested": 5, "irrigation_class_e": "pass", "source_agency": "CGWB", "sample_period": "compiled 2019-20 (NAQUIM), no per-sample date published"}}, {"type": "Feature", "geometry": {"type": "Point", "coordinates": [79.1405, 20.704]}, "properties": {"sr": "27", "taluka": "Umred", "site": "Kinhala", "aquifer": "shallow", "ph": 7.9, "ec": 581.0, "tds": 379.0, "th": 200.0, "ca": 64.0, "mg": 9.7, "na": 41.0, "k": 2.0, "hco3": 43.0, "cl": 103.0, "so4": 48.0, "no3": 37.0, "f": null, "sar": 1.27, "rsc": -3.3, "page": 246.0, "is10500_exceedances": "", "n_params_tested": 5, "irrigation_class_e": "pass", "source_agency": "CGWB", "sample_period": "compiled 2019-20 (NAQUIM), no per-sample date published"}}, {"type": "Feature", "geometry": {"type": "Point", "coordinates": [79.1619, 20.6783]}, "properties": {"sr": "28", "taluka": "Umred", "site": "Sirsi", "aquifer": "shallow", "ph": 7.9, "ec": 1435.0, "tds": 937.0, "th": 605.0, "ca": 142.0, "mg": 60.8, "na": 46.0, "k": 7.8, "hco3": 39.0, "cl": 397.0, "so4": 58.0, "no3": 37.0, "f": null, "sar": 0.81, "rsc": -11.46, "page": 246.0, "is10500_exceedances": "hardness", "n_params_tested": 5, "irrigation_class_e": "pass", "source_agency": "CGWB", "sample_period": "compiled 2019-20 (NAQUIM), no per-sample date published"}}, {"type": "Feature", "geometry": {"type": "Point", "coordinates": [79.0111, 20.9194]}, "properties": {"sr": "29", "taluka": "Nagpur (R)", "site": "Bori", "aquifer": "shallow", "ph": 8.0, "ec": 2040.0, "tds": 1332.0, "th": 710.0, "ca": 222.0, "mg": 37.7, "na": 143.0, "k": 7.8, "hco3": 121.0, "cl": 425.0, "so4": 230.0, "no3": 37.0, "f": null, "sar": 2.33, "rsc": -12.22, "page": 246.0, "is10500_exceedances": "hardness", "n_params_tested": 5, "irrigation_class_e": "pass", "source_agency": "CGWB", "sample_period": "compiled 2019-20 (NAQUIM), no per-sample date published"}}, {"type": "Feature", "geometry": {"type": "Point", "coordinates": [78.9478, 21.2697]}, "properties": {"sr": "30", "taluka": "Nagpur", "site": "Gowari", "aquifer": "shallow", "ph": 7.9, "ec": 1085.0, "tds": 709.0, "th": 340.0, "ca": 122.0, "mg": 8.5, "na": 92.0, "k": 3.9, "hco3": 46.0, "cl": 248.0, "so4": 72.0, "no3": 37.0, "f": null, "sar": 2.17, "rsc": -6.04, "page": 246.0, "is10500_exceedances": "", "n_params_tested": 5, "irrigation_class_e": "pass", "source_agency": "CGWB", "sample_period": "compiled 2019-20 (NAQUIM), no per-sample date published"}}, {"type": "Feature", "geometry": {"type": "Point", "coordinates": [79.3333, 20.85]}, "properties": {"sr": "31", "taluka": "Umred", "site": "Umrer", "aquifer": "shallow", "ph": 7.9, "ec": 2212.0, "tds": 1171.0, "th": 637.5, "ca": 139.0, "mg": 69.3, "na": 181.8, "k": 10.22, "hco3": 862.4, "cl": 130.3, "so4": 182.0, "no3": 2.0, "f": 0.92, "sar": 3.14, "rsc": 1.49, "page": 246.0, "is10500_exceedances": "hardness", "n_params_tested": 6, "irrigation_class_e": "pass", "source_agency": "CGWB", "sample_period": "compiled 2019-20 (NAQUIM), no per-sample date published"}}, {"type": "Feature", "geometry": {"type": "Point", "coordinates": [79.3, 21.4]}, "properties": {"sr": "32", "taluka": "Parseoni", "site": "Ramtek", "aquifer": "shallow", "ph": 7.7, "ec": 1407.0, "tds": 746.0, "th": 387.6, "ca": 87.9, "mg": 40.1, "na": 102.23, "k": 10.0, "hco3": 469.9, "cl": 117.9, "so4": 51.0, "no3": 44.0, "f": 0.95, "sar": 2.27, "rsc": 0.01, "page": 246.0, "is10500_exceedances": "", "n_params_tested": 6, "irrigation_class_e": "pass", "source_agency": "CGWB", "sample_period": "compiled 2019-20 (NAQUIM), no per-sample date published"}}, {"type": "Feature", "geometry": {"type": "Point", "coordinates": [78.5333, 21.4667]}, "properties": {"sr": "33", "taluka": "Narkhed", "site": "Narkhed", "aquifer": "shallow", "ph": 7.4, "ec": 1417.0, "tds": 750.0, "th": 351.9, "ca": 73.6, "mg": 40.1, "na": 109.0, "k": 1.99, "hco3": 487.7, "cl": 85.6, "so4": 43.0, "no3": 44.0, "f": 0.55, "sar": 2.54, "rsc": 1.02, "page": 246.0, "is10500_exceedances": "", "n_params_tested": 6, "irrigation_class_e": "pass", "source_agency": "CGWB", "sample_period": "compiled 2019-20 (NAQUIM), no per-sample date published"}}, {"type": "Feature", "geometry": {"type": "Point", "coordinates": [79.0333, 20.9917]}, "properties": {"sr": "34", "taluka": "Hingna", "site": "Gumgaon", "aquifer": "shallow", "ph": 7.9, "ec": 758.0, "tds": 402.0, "th": 285.6, "ca": 83.8, "mg": 18.2, "na": 38.0, "k": 8.79, "hco3": 398.5, "cl": 11.2, "so4": 12.0, "no3": 9.0, "f": 0.73, "sar": 0.98, "rsc": 0.84, "page": 246.0, "is10500_exceedances": "", "n_params_tested": 6, "irrigation_class_e": "pass", "source_agency": "CGWB", "sample_period": "compiled 2019-20 (NAQUIM), no per-sample date published"}}, {"type": "Feature", "geometry": {"type": "Point", "coordinates": [79.3667, 21.5833]}, "properties": {"sr": "35", "taluka": "Ramtek", "site": "Deolapar", "aquifer": "shallow", "ph": 7.7, "ec": 613.0, "tds": 325.0, "th": 204.0, "ca": 47.0, "mg": 20.7, "na": 41.0, "k": 5.67, "hco3": 345.0, "cl": 13.6, "so4": 11.0, "no3": 0.0, "f": 1.36, "sar": 1.25, "rsc": 1.6, "page": 246.0, "is10500_exceedances": "", "n_params_tested": 6, "irrigation_class_e": "pass", "source_agency": "CGWB", "sample_period": "compiled 2019-20 (NAQUIM), no per-sample date published"}}, {"type": "Feature", "geometry": {"type": "Point", "coordinates": [79.1667, 21.0333]}, "properties": {"sr": "36", "taluka": "Umred", "site": "Panchgaon", "aquifer": "shallow", "ph": 8.0, "ec": 584.0, "tds": 310.0, "th": 229.5, "ca": 63.4, "mg": 17.0, "na": 17.0, "k": 1.0, "hco3": 249.8, "cl": 13.6, "so4": 41.0, "no3": 28.0, "f": 1.21, "sar": 0.49, "rsc": -0.47, "page": 246.0, "is10500_exceedances": "", "n_params_tested": 6, "irrigation_class_e": "pass", "source_agency": "CGWB", "sample_period": "compiled 2019-20 (NAQUIM), no per-sample date published"}}, {"type": "Feature", "geometry": {"type": "Point", "coordinates": [78.9333, 21.1417]}, "properties": {"sr": "37", "taluka": "Kalmeshwar", "site": "Wardhamna", "aquifer": "shallow", "ph": 7.6, "ec": 1587.0, "tds": 841.0, "th": 459.0, "ca": 83.8, "mg": 59.5, "na": 61.0, "k": 6.13, "hco3": 475.8, "cl": 170.0, "so4": 23.0, "no3": 4.0, "f": 0.51, "sar": 1.24, "rsc": -1.29, "page": 246.0, "is10500_exceedances": "", "n_params_tested": 6, "irrigation_class_e": "pass", "source_agency": "CGWB", "sample_period": "compiled 2019-20 (NAQUIM), no per-sample date published"}}, {"type": "Feature", "geometry": {"type": "Point", "coordinates": [78.9167, 21.2333]}, "properties": {"sr": "38", "taluka": "Kalmeshwar", "site": "Kalmeshwar", "aquifer": "shallow", "ph": 7.7, "ec": 685.0, "tds": 363.0, "th": 260.1, "ca": 40.9, "mg": 37.7, "na": 25.0, "k": 4.66, "hco3": 178.4, "cl": 80.6, "so4": 35.0, "no3": 3.0, "f": 0.46, "sar": 0.68, "rsc": -2.22, "page": 246.0, "is10500_exceedances": "", "n_params_tested": 6, "irrigation_class_e": "pass", "source_agency": "CGWB", "sample_period": "compiled 2019-20 (NAQUIM), no per-sample date published"}}, {"type": "Feature", "geometry": {"type": "Point", "coordinates": [79.3167, 21.4667]}, "properties": {"sr": "39", "taluka": "Ramtek", "site": "Chorbaoli", "aquifer": "shallow", "ph": 8.0, "ec": 1134.0, "tds": 566.0, "th": 255.0, "ca": 51.1, "mg": 30.4, "na": 133.0, "k": 2.13, "hco3": 487.7, "cl": 73.2, "so4": 20.0, "no3": 0.0, "f": 0.84, "sar": 3.64, "rsc": 2.94, "page": 246.0, "is10500_exceedances": "", "n_params_tested": 6, "irrigation_class_e": "pass", "source_agency": "CGWB", "sample_period": "compiled 2019-20 (NAQUIM), no per-sample date published"}}, {"type": "Feature", "geometry": {"type": "Point", "coordinates": [79.1667, 21.55]}, "properties": {"sr": "40", "taluka": "Parseoni", "site": "Parseoni", "aquifer": "shallow", "ph": 7.5, "ec": 696.0, "tds": 369.0, "th": 214.2, "ca": 42.9, "mg": 25.5, "na": 33.0, "k": 33.16, "hco3": 309.3, "cl": 26.1, "so4": 19.0, "no3": 11.0, "f": 0.12, "sar": 0.98, "rsc": 0.82, "page": 246.0, "is10500_exceedances": "", "n_params_tested": 6, "irrigation_class_e": "pass", "source_agency": "CGWB", "sample_period": "compiled 2019-20 (NAQUIM), no per-sample date published"}}, {"type": "Feature", "geometry": {"type": "Point", "coordinates": [79.0167, 21.5667]}, "properties": {"sr": "41", "taluka": "Parseoni", "site": "Nagalwadi", "aquifer": "shallow", "ph": 7.7, "ec": 781.0, "tds": 414.0, "th": 229.5, "ca": 47.0, "mg": 26.7, "na": 51.0, "k": 7.07, "hco3": 327.1, "cl": 28.5, "so4": 18.0, "no3": 15.0, "f": 0.65, "sar": 1.47, "rsc": 0.81, "page": 246.0, "is10500_exceedances": "", "n_params_tested": 6, "irrigation_class_e": "pass", "source_agency": "CGWB", "sample_period": "compiled 2019-20 (NAQUIM), no per-sample date published"}}, {"type": "Feature", "geometry": {"type": "Point", "coordinates": [79.4708, 21.4]}, "properties": {"sr": "42", "taluka": "Ramtek", "site": "Sivani", "aquifer": "shallow", "ph": 7.9, "ec": 790.0, "tds": 418.0, "th": 234.6, "ca": 42.9, "mg": 30.4, "na": 69.0, "k": 1.41, "hco3": 374.7, "cl": 33.5, "so4": 23.0, "no3": 14.0, "f": 1.23, "sar": 1.97, "rsc": 1.5, "page": 246.0, "is10500_exceedances": "", "n_params_tested": 6, "irrigation_class_e": "pass", "source_agency": "CGWB", "sample_period": "compiled 2019-20 (NAQUIM), no per-sample date published"}}, {"type": "Feature", "geometry": {"type": "Point", "coordinates": [79.2167, 20.95]}, "properties": {"sr": "43", "taluka": "Umred", "site": "Uti", "aquifer": "shallow", "ph": 7.8, "ec": 967.0, "tds": 512.0, "th": 311.1, "ca": 61.3, "mg": 37.7, "na": 51.0, "k": 3.25, "hco3": 410.4, "cl": 38.5, "so4": 35.0, "no3": 34.0, "f": 0.77, "sar": 1.26, "rsc": 0.56, "page": 246.0, "is10500_exceedances": "", "n_params_tested": 6, "irrigation_class_e": "pass", "source_agency": "CGWB", "sample_period": "compiled 2019-20 (NAQUIM), no per-sample date published"}}, {"type": "Feature", "geometry": {"type": "Point", "coordinates": [79.3417, 21.2833]}, "properties": {"sr": "44", "taluka": "Mauda", "site": "Chacher", "aquifer": "shallow", "ph": 7.7, "ec": 792.0, "tds": 420.0, "th": 234.6, "ca": 53.1, "mg": 24.3, "na": 65.0, "k": 1.81, "hco3": 315.2, "cl": 45.9, "so4": 64.0, "no3": 4.0, "f": 1.31, "sar": 1.85, "rsc": 0.51, "page": 246.0, "is10500_exceedances": "", "n_params_tested": 6, "irrigation_class_e": "pass", "source_agency": "CGWB", "sample_period": "compiled 2019-20 (NAQUIM), no per-sample date published"}}, {"type": "Feature", "geometry": {"type": "Point", "coordinates": [79.4222, 21.6806]}, "properties": {"sr": "45", "taluka": "Ramtek", "site": "Manegaon Tek", "aquifer": "shallow", "ph": 7.6, "ec": 1459.0, "tds": 773.0, "th": 433.5, "ca": 83.8, "mg": 53.5, "na": 42.0, "k": 5.56, "hco3": 463.9, "cl": 95.5, "so4": 7.0, "no3": 46.0, "f": 0.83, "sar": 0.88, "rsc": -0.99, "page": 247.0, "is10500_exceedances": "nitrate", "n_params_tested": 6, "irrigation_class_e": "pass", "source_agency": "CGWB", "sample_period": "compiled 2019-20 (NAQUIM), no per-sample date published"}}, {"type": "Feature", "geometry": {"type": "Point", "coordinates": [78.8764, 21.4597]}, "properties": {"sr": "46", "taluka": "Saoner", "site": "Kelod", "aquifer": "shallow", "ph": 7.7, "ec": 1236.0, "tds": 655.0, "th": 311.1, "ca": 65.4, "mg": 35.2, "na": 128.0, "k": 4.52, "hco3": 428.2, "cl": 75.7, "so4": 55.0, "no3": 42.0, "f": 1.34, "sar": 3.17, "rsc": 0.85, "page": 247.0, "is10500_exceedances": "", "n_params_tested": 6, "irrigation_class_e": "pass", "source_agency": "CGWB", "sample_period": "compiled 2019-20 (NAQUIM), no per-sample date published"}}, {"type": "Feature", "geometry": {"type": "Point", "coordinates": [78.8, 21.1333]}, "properties": {"sr": "47", "taluka": "Hingna", "site": "Sathnaori", "aquifer": "shallow", "ph": 7.8, "ec": 1015.0, "tds": 539.0, "th": 244.8, "ca": 65.4, "mg": 19.4, "na": 60.0, "k": 43.87, "hco3": 345.0, "cl": 50.9, "so4": 41.0, "no3": 42.0, "f": 0.63, "sar": 1.67, "rsc": 0.78, "page": 247.0, "is10500_exceedances": "", "n_params_tested": 6, "irrigation_class_e": "pass", "source_agency": "CGWB", "sample_period": "compiled 2019-20 (NAQUIM), no per-sample date published"}}, {"type": "Feature", "geometry": {"type": "Point", "coordinates": [79.1833, 21.3667]}, "properties": {"sr": "48", "taluka": "Parseoni", "site": "Nayakund", "aquifer": "shallow", "ph": 7.8, "ec": 773.0, "tds": 409.0, "th": 239.7, "ca": 45.0, "mg": 30.4, "na": 50.0, "k": 6.06, "hco3": 309.3, "cl": 36.0, "so4": 22.0, "no3": 33.0, "f": 0.92, "sar": 1.41, "rsc": 0.32, "page": 247.0, "is10500_exceedances": "", "n_params_tested": 6, "irrigation_class_e": "pass", "source_agency": "CGWB", "sample_period": "compiled 2019-20 (NAQUIM), no per-sample date published"}}, {"type": "Feature", "geometry": {"type": "Point", "coordinates": [78.9667, 21.45]}, "properties": {"sr": "49", "taluka": "Saoner", "site": "Khubala", "aquifer": "shallow", "ph": 7.6, "ec": 728.0, "tds": 386.0, "th": 234.6, "ca": 42.9, "mg": 30.4, "na": 41.0, "k": 14.06, "hco3": 321.2, "cl": 23.6, "so4": 21.0, "no3": 21.0, "f": 0.91, "sar": 1.17, "rsc": 0.62, "page": 247.0, "is10500_exceedances": "", "n_params_tested": 6, "irrigation_class_e": "pass", "source_agency": "CGWB", "sample_period": "compiled 2019-20 (NAQUIM), no per-sample date published"}}, {"type": "Feature", "geometry": {"type": "Point", "coordinates": [79.2167, 21.3333]}, "properties": {"sr": "50", "taluka": "Parseoni", "site": "Wagholi", "aquifer": "shallow", "ph": 7.7, "ec": 666.0, "tds": 353.0, "th": 214.2, "ca": 40.9, "mg": 26.7, "na": 52.0, "k": 4.6, "hco3": 315.2, "cl": 23.6, "so4": 14.0, "no3": 15.0, "f": 0.96, "sar": 1.55, "rsc": 0.92, "page": 247.0, "is10500_exceedances": "", "n_params_tested": 6, "irrigation_class_e": "pass", "source_agency": "CGWB", "sample_period": "compiled 2019-20 (NAQUIM), no per-sample date published"}}, {"type": "Feature", "geometry": {"type": "Point", "coordinates": [79.4, 21.3667]}, "properties": {"sr": "51", "taluka": "Ramtek", "site": "Sirpur Toli", "aquifer": "shallow", "ph": 7.3, "ec": 502.0, "tds": 266.0, "th": 198.9, "ca": 34.7, "mg": 26.7, "na": 23.0, "k": 4.07, "hco3": 226.0, "cl": 16.1, "so4": 21.0, "no3": 24.0, "f": 0.28, "sar": 0.71, "rsc": -0.23, "page": 247.0, "is10500_exceedances": "", "n_params_tested": 6, "irrigation_class_e": "pass", "source_agency": "CGWB", "sample_period": "compiled 2019-20 (NAQUIM), no per-sample date published"}}, {"type": "Feature", "geometry": {"type": "Point", "coordinates": [79.5458, 21.2417]}, "properties": {"sr": "52", "taluka": "Mauda", "site": "Khat", "aquifer": "shallow", "ph": 7.9, "ec": 861.0, "tds": 456.0, "th": 249.9, "ca": 47.0, "mg": 31.6, "na": 56.0, "k": 2.04, "hco3": 368.7, "cl": 48.4, "so4": 32.0, "no3": 7.0, "f": 2.22, "sar": 1.55, "rsc": 1.09, "page": 247.0, "is10500_exceedances": "fluoride", "n_params_tested": 6, "irrigation_class_e": "pass", "source_agency": "CGWB", "sample_period": "compiled 2019-20 (NAQUIM), no per-sample date published"}}, {"type": "Feature", "geometry": {"type": "Point", "coordinates": [78.975, 20.8833]}, "properties": {"sr": "53", "taluka": "Nagpur (R)", "site": "Borkhedi", "aquifer": "shallow", "ph": 7.6, "ec": 826.0, "tds": 438.0, "th": 239.7, "ca": 49.1, "mg": 27.9, "na": 54.0, "k": 3.93, "hco3": 386.6, "cl": 26.1, "so4": 18.0, "no3": 9.0, "f": 0.55, "sar": 1.52, "rsc": 1.58, "page": 247.0, "is10500_exceedances": "", "n_params_tested": 6, "irrigation_class_e": "pass", "source_agency": "CGWB", "sample_period": "compiled 2019-20 (NAQUIM), no per-sample date published"}}, {"type": "Feature", "geometry": {"type": "Point", "coordinates": [78.7583, 21.2667]}, "properties": {"sr": "54", "taluka": "Katol", "site": "Chargaon (Punarwasi)", "aquifer": "shallow", "ph": 7.7, "ec": 858.0, "tds": 454.0, "th": 285.6, "ca": 45.0, "mg": 41.3, "na": 56.0, "k": 1.22, "hco3": 356.9, "cl": 31.0, "so4": 28.0, "no3": 39.0, "f": 0.54, "sar": 1.45, "rsc": 0.2, "page": 247.0, "is10500_exceedances": "", "n_params_tested": 6, "irrigation_class_e": "pass", "source_agency": "CGWB", "sample_period": "compiled 2019-20 (NAQUIM), no per-sample date published"}}, {"type": "Feature", "geometry": {"type": "Point", "coordinates": [79.0639, 21.1306]}, "properties": {"sr": "55", "taluka": "Nagpur (R)", "site": "Nagpur_Ramdasp eth", "aquifer": "shallow", "ph": 7.9, "ec": 693.0, "tds": 367.0, "th": 198.9, "ca": 42.9, "mg": 21.9, "na": 55.0, "k": 1.39, "hco3": 303.3, "cl": 40.9, "so4": 16.0, "no3": 4.0, "f": 2.49, "sar": 1.7, "rsc": 1.03, "page": 247.0, "is10500_exceedances": "fluoride", "n_params_tested": 6, "irrigation_class_e": "pass", "source_agency": "CGWB", "sample_period": "compiled 2019-20 (NAQUIM), no per-sample date published"}}, {"type": "Feature", "geometry": {"type": "Point", "coordinates": [78.4083, 21.2658]}, "properties": {"sr": "56", "taluka": "Narkhed", "site": "Lohara", "aquifer": "shallow", "ph": 7.3, "ec": 647.0, "tds": 342.0, "th": 229.5, "ca": 65.4, "mg": 15.8, "na": 43.0, "k": 1.6, "hco3": 291.4, "cl": 36.0, "so4": 33.0, "no3": 8.0, "f": 0.22, "sar": 1.24, "rsc": 0.21, "page": 247.0, "is10500_exceedances": "", "n_params_tested": 6, "irrigation_class_e": "pass", "source_agency": "CGWB", "sample_period": "compiled 2019-20 (NAQUIM), no per-sample date published"}}, {"type": "Feature", "geometry": {"type": "Point", "coordinates": [79.4286, 20.8028]}, "properties": {"sr": "57", "taluka": "Bhiwapur", "site": "Nawegaon (Deshmukh)", "aquifer": "shallow", "ph": 7.7, "ec": 564.0, "tds": 299.0, "th": 163.2, "ca": 38.8, "mg": 15.8, "na": 41.0, "k": 7.56, "hco3": 291.4, "cl": 16.1, "so4": 21.0, "no3": 1.0, "f": 1.12, "sar": 1.4, "rsc": 1.54, "page": 247.0, "is10500_exceedances": "", "n_params_tested": 6, "irrigation_class_e": "pass", "source_agency": "CGWB", "sample_period": "compiled 2019-20 (NAQUIM), no per-sample date published"}}, {"type": "Feature", "geometry": {"type": "Point", "coordinates": [79.0383, 21.4194]}, "properties": {"sr": "58", "taluka": "Saoner", "site": "Kothulna", "aquifer": "shallow", "ph": 7.7, "ec": 2329.0, "tds": 1233.0, "th": 647.7, "ca": 110.4, "mg": 88.7, "na": 125.0, "k": 6.73, "hco3": 713.7, "cl": 232.0, "so4": 71.0, "no3": 45.0, "f": 1.26, "sar": 2.15, "rsc": -1.12, "page": 247.0, "is10500_exceedances": "hardness", "n_params_tested": 6, "irrigation_class_e": "fail", "source_agency": "CGWB", "sample_period": "compiled 2019-20 (NAQUIM), no per-sample date published"}}, {"type": "Feature", "geometry": {"type": "Point", "coordinates": [78.85, 20.9333]}, "properties": {"sr": "59", "taluka": "Hingna", "site": "Kanholi bara", "aquifer": "shallow", "ph": 7.5, "ec": 688.0, "tds": 365.0, "th": 234.6, "ca": 63.4, "mg": 18.2, "na": 33.0, "k": 4.04, "hco3": 309.3, "cl": 43.4, "so4": 22.0, "no3": 4.0, "f": 0.41, "sar": 0.94, "rsc": 0.4, "page": 247.0, "is10500_exceedances": "", "n_params_tested": 6, "irrigation_class_e": "pass", "source_agency": "CGWB", "sample_period": "compiled 2019-20 (NAQUIM), no per-sample date published"}}, {"type": "Feature", "geometry": {"type": "Point", "coordinates": [79.2194, 20.8667]}, "properties": {"sr": "60", "taluka": "Umred", "site": "Makardhokda", "aquifer": "shallow", "ph": 7.9, "ec": 727.0, "tds": 384.0, "th": 295.8, "ca": 59.3, "mg": 35.2, "na": 28.0, "k": 0.66, "hco3": 327.1, "cl": 28.5, "so4": 30.0, "no3": 10.0, "f": 0.64, "sar": 0.71, "rsc": -0.5, "page": 247.0, "is10500_exceedances": "", "n_params_tested": 6, "irrigation_class_e": "pass", "source_agency": "CGWB", "sample_period": "compiled 2019-20 (NAQUIM), no per-sample date published"}}, {"type": "Feature", "geometry": {"type": "Point", "coordinates": [78.925, 20.9944]}, "properties": {"sr": "61", "taluka": "Hingna", "site": "Amgaon", "aquifer": "shallow", "ph": 7.4, "ec": 564.0, "tds": 299.0, "th": 188.7, "ca": 42.9, "mg": 19.4, "na": 26.0, "k": 1.14, "hco3": 243.8, "cl": 31.0, "so4": 22.0, "no3": 1.0, "f": 0.38, "sar": 0.83, "rsc": 0.25, "page": 247.0, "is10500_exceedances": "", "n_params_tested": 6, "irrigation_class_e": "pass", "source_agency": "CGWB", "sample_period": "compiled 2019-20 (NAQUIM), no per-sample date published"}}, {"type": "Feature", "geometry": {"type": "Point", "coordinates": [78.635, 21.3917]}, "properties": {"sr": "62", "taluka": "Narkhed", "site": "Sawargaon", "aquifer": "shallow", "ph": 7.5, "ec": 824.0, "tds": 436.0, "th": 285.6, "ca": 47.0, "mg": 40.1, "na": 24.0, "k": 3.0, "hco3": 321.2, "cl": 48.4, "so4": 21.0, "no3": 13.0, "f": 0.34, "sar": 0.62, "rsc": -0.39, "page": 247.0, "is10500_exceedances": "", "n_params_tested": 6, "irrigation_class_e": "pass", "source_agency": "CGWB", "sample_period": "compiled 2019-20 (NAQUIM), no per-sample date published"}}, {"type": "Feature", "geometry": {"type": "Point", "coordinates": [78.7625, 21.1417]}, "properties": {"sr": "63", "taluka": "Nagpur (R)", "site": "Mohpa", "aquifer": "shallow", "ph": 7.8, "ec": 877.0, "tds": 465.0, "th": 290.7, "ca": 49.1, "mg": 40.1, "na": 48.0, "k": 1.94, "hco3": 345.0, "cl": 36.0, "so4": 28.0, "no3": 30.0, "f": 1.25, "sar": 1.23, "rsc": -0.1, "page": 247.0, "is10500_exceedances": "", "n_params_tested": 6, "irrigation_class_e": "pass", "source_agency": "CGWB", "sample_period": "compiled 2019-20 (NAQUIM), no per-sample date published"}}, {"type": "Feature", "geometry": {"type": "Point", "coordinates": [78.9139, 21.3028]}, "properties": {"sr": "64", "taluka": "Kalmeshwar", "site": "Dhapewada", "aquifer": "shallow", "ph": 7.5, "ec": 1362.0, "tds": 722.0, "th": 504.9, "ca": 106.3, "mg": 57.1, "na": 78.0, "k": 1.04, "hco3": 463.9, "cl": 122.8, "so4": 41.0, "no3": 44.0, "f": 0.44, "sar": 1.52, "rsc": -2.41, "page": 248.0, "is10500_exceedances": "", "n_params_tested": 6, "irrigation_class_e": "pass", "source_agency": "CGWB", "sample_period": "compiled 2019-20 (NAQUIM), no per-sample date published"}}, {"type": "Feature", "geometry": {"type": "Point", "coordinates": [79.08, 21.2528]}, "properties": {"sr": "65", "taluka": "Kamptee", "site": "Koradi", "aquifer": "shallow", "ph": 7.5, "ec": 476.0, "tds": 252.0, "th": 147.9, "ca": 38.8, "mg": 12.2, "na": 40.0, "k": 4.78, "hco3": 166.5, "cl": 45.9, "so4": 24.0, "no3": 7.0, "f": 0.63, "sar": 1.43, "rsc": -0.21, "page": 248.0, "is10500_exceedances": "", "n_params_tested": 6, "irrigation_class_e": "pass", "source_agency": "CGWB", "sample_period": "compiled 2019-20 (NAQUIM), no per-sample date published"}}, {"type": "Feature", "geometry": {"type": "Point", "coordinates": [79.1056, 21.1264]}, "properties": {"sr": "66", "taluka": "Nagpur (R)", "site": "Nagpur_Hanuma n nagar", "aquifer": "shallow", "ph": 7.5, "ec": 1039.0, "tds": 549.0, "th": 362.1, "ca": 40.9, "mg": 62.0, "na": 53.0, "k": 2.18, "hco3": 428.2, "cl": 58.3, "so4": 37.0, "no3": 6.0, "f": 1.67, "sar": 1.22, "rsc": -0.12, "page": 248.0, "is10500_exceedances": "fluoride", "n_params_tested": 6, "irrigation_class_e": "pass", "source_agency": "CGWB", "sample_period": "compiled 2019-20 (NAQUIM), no per-sample date published"}}, {"type": "Feature", "geometry": {"type": "Point", "coordinates": [78.9406, 21.3897]}, "properties": {"sr": "67", "taluka": "Saoner", "site": "Saoner-1", "aquifer": "shallow", "ph": 7.9, "ec": 1304.0, "tds": 691.0, "th": 418.2, "ca": 63.4, "mg": 62.0, "na": 62.0, "k": 0.73, "hco3": 487.7, "cl": 73.2, "so4": 38.0, "no3": 44.0, "f": 0.51, "sar": 1.33, "rsc": -0.27, "page": 248.0, "is10500_exceedances": "", "n_params_tested": 6, "irrigation_class_e": "pass", "source_agency": "CGWB", "sample_period": "compiled 2019-20 (NAQUIM), no per-sample date published"}}, {"type": "Feature", "geometry": {"type": "Point", "coordinates": [78.6111, 21.1706]}, "properties": {"sr": "68", "taluka": "Katol", "site": "Nandora", "aquifer": "shallow", "ph": 7.8, "ec": 397.0, "tds": 210.0, "th": 137.7, "ca": 26.6, "mg": 17.0, "na": 28.0, "k": 2.66, "hco3": 148.7, "cl": 13.6, "so4": 64.0, "no3": 4.0, "f": 0.45, "sar": 1.04, "rsc": -0.29, "page": 248.0, "is10500_exceedances": "", "n_params_tested": 6, "irrigation_class_e": "pass", "source_agency": "CGWB", "sample_period": "compiled 2019-20 (NAQUIM), no per-sample date published"}}, {"type": "Feature", "geometry": {"type": "Point", "coordinates": [78.9439, 20.9144]}, "properties": {"sr": "69", "taluka": "Hingna", "site": "Takalghat", "aquifer": "shallow", "ph": 7.6, "ec": 2209.0, "tds": 1170.0, "th": 627.3, "ca": 126.7, "mg": 74.1, "na": 109.0, "k": 88.05, "hco3": 927.8, "cl": 155.1, "so4": 59.0, "no3": 47.0, "f": 0.58, "sar": 1.9, "rsc": 2.77, "page": 248.0, "is10500_exceedances": "nitrate|hardness", "n_params_tested": 6, "irrigation_class_e": "pass", "source_agency": "CGWB", "sample_period": "compiled 2019-20 (NAQUIM), no per-sample date published"}}, {"type": "Feature", "geometry": {"type": "Point", "coordinates": [78.9906, 21.3533]}, "properties": {"sr": "70", "taluka": "Saoner", "site": "Bhasali Takli", "aquifer": "shallow", "ph": 7.8, "ec": 1507.0, "tds": 798.0, "th": 387.6, "ca": 85.9, "mg": 41.3, "na": 162.0, "k": 3.38, "hco3": 606.6, "cl": 103.0, "so4": 52.0, "no3": 46.0, "f": 0.31, "sar": 3.59, "rsc": 2.25, "page": 248.0, "is10500_exceedances": "nitrate", "n_params_tested": 6, "irrigation_class_e": "pass", "source_agency": "CGWB", "sample_period": "compiled 2019-20 (NAQUIM), no per-sample date published"}}, {"type": "Feature", "geometry": {"type": "Point", "coordinates": [79.2656, 20.8331]}, "properties": {"sr": "71", "taluka": "Umred", "site": "Pipaldol", "aquifer": "shallow", "ph": 8.0, "ec": 915.0, "tds": 484.0, "th": 321.3, "ca": 47.0, "mg": 48.6, "na": 43.0, "k": 6.34, "hco3": 350.9, "cl": 68.2, "so4": 66.0, "no3": 5.0, "f": 0.29, "sar": 1.05, "rsc": -0.6, "page": 248.0, "is10500_exceedances": "", "n_params_tested": 6, "irrigation_class_e": "pass", "source_agency": "CGWB", "sample_period": "compiled 2019-20 (NAQUIM), no per-sample date published"}}, {"type": "Feature", "geometry": {"type": "Point", "coordinates": [79.5164, 20.7664]}, "properties": {"sr": "72", "taluka": "Bhiwapur", "site": "Bhiwapur", "aquifer": "shallow", "ph": 7.6, "ec": 944.0, "tds": 500.0, "th": 260.1, "ca": 59.3, "mg": 26.7, "na": 79.0, "k": 8.39, "hco3": 315.2, "cl": 98.0, "so4": 76.0, "no3": 15.0, "f": 1.02, "sar": 2.14, "rsc": 0.0, "page": 248.0, "is10500_exceedances": "", "n_params_tested": 6, "irrigation_class_e": "pass", "source_agency": "CGWB", "sample_period": "compiled 2019-20 (NAQUIM), no per-sample date published"}}, {"type": "Feature", "geometry": {"type": "Point", "coordinates": [79.3475, 21.5308]}, "properties": {"sr": "73", "taluka": "Ramtek", "site": "Kharpada", "aquifer": "shallow", "ph": 7.5, "ec": 1345.0, "tds": 760.0, "th": 367.2, "ca": 83.8, "mg": 37.7, "na": 53.0, "k": 9.18, "hco3": 315.2, "cl": 95.5, "so4": 82.0, "no3": 46.0, "f": 0.25, "sar": 1.21, "rsc": -2.12, "page": 248.0, "is10500_exceedances": "nitrate", "n_params_tested": 6, "irrigation_class_e": "pass", "source_agency": "CGWB", "sample_period": "compiled 2019-20 (NAQUIM), no per-sample date published"}}, {"type": "Feature", "geometry": {"type": "Point", "coordinates": [78.6594, 21.4322]}, "properties": {"sr": "74", "taluka": "Narkhed", "site": "Malapur", "aquifer": "shallow", "ph": 7.7, "ec": 767.0, "tds": 406.0, "th": 270.3, "ca": 42.9, "mg": 38.9, "na": 29.0, "k": 1.36, "hco3": 71.4, "cl": 145.2, "so4": 40.0, "no3": 42.0, "f": 0.49, "sar": 0.77, "rsc": -4.18, "page": 248.0, "is10500_exceedances": "", "n_params_tested": 6, "irrigation_class_e": "pass", "source_agency": "CGWB", "sample_period": "compiled 2019-20 (NAQUIM), no per-sample date published"}}, {"type": "Feature", "geometry": {"type": "Point", "coordinates": [78.9008, 21.1364]}, "properties": {"sr": "75", "taluka": "Nagpur (R)", "site": "Gonkhedi", "aquifer": "shallow", "ph": 7.7, "ec": 724.0, "tds": 384.0, "th": 214.2, "ca": 42.9, "mg": 25.5, "na": 55.0, "k": 1.58, "hco3": 315.2, "cl": 28.5, "so4": 50.0, "no3": 12.0, "f": 1.05, "sar": 1.64, "rsc": 0.92, "page": 248.0, "is10500_exceedances": "", "n_params_tested": 6, "irrigation_class_e": "pass", "source_agency": "CGWB", "sample_period": "compiled 2019-20 (NAQUIM), no per-sample date published"}}, {"type": "Feature", "geometry": {"type": "Point", "coordinates": [78.6206, 21.2322]}, "properties": {"sr": "76", "taluka": "Katol", "site": "Ridhora", "aquifer": "shallow", "ph": 7.6, "ec": 638.0, "tds": 338.0, "th": 198.9, "ca": 40.9, "mg": 23.1, "na": 33.0, "k": 2.15, "hco3": 285.5, "cl": 21.1, "so4": 20.0, "no3": 17.0, "f": 0.54, "sar": 1.02, "rsc": 0.74, "page": 248.0, "is10500_exceedances": "", "n_params_tested": 6, "irrigation_class_e": "pass", "source_agency": "CGWB", "sample_period": "compiled 2019-20 (NAQUIM), no per-sample date published"}}, {"type": "Feature", "geometry": {"type": "Point", "coordinates": [79.0178, 21.1522]}, "properties": {"sr": "77", "taluka": "Nagpur (R)", "site": "Nagpur_Wadi naka", "aquifer": "shallow", "ph": 7.6, "ec": 912.0, "tds": 483.0, "th": 316.2, "ca": 47.0, "mg": 47.4, "na": 53.0, "k": 2.14, "hco3": 309.3, "cl": 68.2, "so4": 56.0, "no3": 22.0, "f": 0.33, "sar": 1.3, "rsc": -1.18, "page": 248.0, "is10500_exceedances": "", "n_params_tested": 6, "irrigation_class_e": "pass", "source_agency": "CGWB", "sample_period": "compiled 2019-20 (NAQUIM), no per-sample date published"}}, {"type": "Feature", "geometry": {"type": "Point", "coordinates": [79.0611, 21.0661]}, "properties": {"sr": "78", "taluka": "Nagpur (R)", "site": "Nagpur_Chinchb hawan", "aquifer": "shallow", "ph": 7.5, "ec": 1542.0, "tds": 818.0, "th": 351.9, "ca": 83.8, "mg": 34.0, "na": 158.0, "k": 11.11, "hco3": 493.6, "cl": 120.4, "so4": 87.0, "no3": 44.0, "f": 0.69, "sar": 3.67, "rsc": 1.1, "page": 248.0, "is10500_exceedances": "", "n_params_tested": 6, "irrigation_class_e": "pass", "source_agency": "CGWB", "sample_period": "compiled 2019-20 (NAQUIM), no per-sample date published"}}, {"type": "Feature", "geometry": {"type": "Point", "coordinates": [79.1692, 21.1608]}, "properties": {"sr": "79", "taluka": "Nagpur (R)", "site": "Nagpur_Punapur", "aquifer": "shallow", "ph": 7.5, "ec": 990.0, "tds": 524.0, "th": 275.4, "ca": 63.4, "mg": 27.9, "na": 82.0, "k": 11.41, "hco3": 208.2, "cl": 140.2, "so4": 78.0, "no3": 2.0, "f": 0.19, "sar": 2.16, "rsc": -2.06, "page": 248.0, "is10500_exceedances": "", "n_params_tested": 6, "irrigation_class_e": "pass", "source_agency": "CGWB", "sample_period": "compiled 2019-20 (NAQUIM), no per-sample date published"}}, {"type": "Feature", "geometry": {"type": "Point", "coordinates": [79.0772, 21.2086]}, "properties": {"sr": "80", "taluka": "Nagpur (R)", "site": "Nagpur_Koradi naka", "aquifer": "shallow", "ph": 7.8, "ec": 1591.0, "tds": 844.0, "th": 346.8, "ca": 85.9, "mg": 31.6, "na": 165.0, "k": 9.83, "hco3": 493.6, "cl": 189.8, "so4": 14.0, "no3": 8.0, "f": 0.54, "sar": 3.86, "rsc": 1.2, "page": 248.0, "is10500_exceedances": "", "n_params_tested": 6, "irrigation_class_e": "pass", "source_agency": "CGWB", "sample_period": "compiled 2019-20 (NAQUIM), no per-sample date published"}}, {"type": "Feature", "geometry": {"type": "Point", "coordinates": [79.0653, 21.1764]}, "properties": {"sr": "81", "taluka": "Nagpur (R)", "site": "Nagpur_Police line takli", "aquifer": "shallow", "ph": 7.6, "ec": 454.0, "tds": 240.0, "th": 204.0, "ca": 38.8, "mg": 25.5, "na": 17.0, "k": 0.84, "hco3": 107.1, "cl": 21.1, "so4": 130.0, "no3": 2.0, "f": 0.81, "sar": 0.52, "rsc": -2.29, "page": 248.0, "is10500_exceedances": "", "n_params_tested": 6, "irrigation_class_e": "pass", "source_agency": "CGWB", "sample_period": "compiled 2019-20 (NAQUIM), no per-sample date published"}}, {"type": "Feature", "geometry": {"type": "Point", "coordinates": [79.3603, 21.015]}, "properties": {"sr": "82", "taluka": "Kuhi", "site": "Kuhi-1", "aquifer": "shallow", "ph": 7.9, "ec": 780.0, "tds": 413.0, "th": 163.2, "ca": 18.4, "mg": 27.9, "na": 62.0, "k": 2.23, "hco3": 321.2, "cl": 18.6, "so4": 19.0, "no3": 14.0, "f": 0.7, "sar": 2.12, "rsc": 2.05, "page": 248.0, "is10500_exceedances": "", "n_params_tested": 6, "irrigation_class_e": "pass", "source_agency": "CGWB", "sample_period": "compiled 2019-20 (NAQUIM), no per-sample date published"}}, {"type": "Feature", "geometry": {"type": "Point", "coordinates": [79.3811, 21.2258]}, "properties": {"sr": "83", "taluka": "Mauda", "site": "Tarsha", "aquifer": "shallow", "ph": 7.5, "ec": 2490.0, "tds": 1318.0, "th": 821.1, "ca": 177.8, "mg": 89.9, "na": 143.0, "k": 58.65, "hco3": 731.5, "cl": 219.6, "so4": 178.0, "no3": 36.0, "f": 0.51, "sar": 2.18, "rsc": -4.3, "page": 249.0, "is10500_exceedances": "hardness", "n_params_tested": 6, "irrigation_class_e": "fail", "source_agency": "CGWB", "sample_period": "compiled 2019-20 (NAQUIM), no per-sample date published"}}, {"type": "Feature", "geometry": {"type": "Point", "coordinates": [78.8875, 21.0683]}, "properties": {"sr": "84", "taluka": "Hingna", "site": "Mohgaon Zelpi", "aquifer": "shallow", "ph": 7.5, "ec": 749.0, "tds": 397.0, "th": 219.3, "ca": 47.0, "mg": 24.3, "na": 32.0, "k": 0.91, "hco3": 249.8, "cl": 23.6, "so4": 35.0, "no3": 41.0, "f": 0.68, "sar": 0.94, "rsc": -0.26, "page": 249.0, "is10500_exceedances": "", "n_params_tested": 6, "irrigation_class_e": "pass", "source_agency": "CGWB", "sample_period": "compiled 2019-20 (NAQUIM), no per-sample date published"}}, {"type": "Feature", "geometry": {"type": "Point", "coordinates": [79.0167, 21.3353]}, "properties": {"sr": "85", "taluka": "Saoner", "site": "Patansaongi-2", "aquifer": "shallow", "ph": 8.0, "ec": 560.0, "tds": 297.0, "th": 209.1, "ca": 65.4, "mg": 10.9, "na": 34.0, "k": 1.59, "hco3": 309.3, "cl": 13.6, "so4": 8.0, "no3": 14.0, "f": 0.45, "sar": 1.02, "rsc": 0.9, "page": 249.0, "is10500_exceedances": "", "n_params_tested": 6, "irrigation_class_e": "pass", "source_agency": "CGWB", "sample_period": "compiled 2019-20 (NAQUIM), no per-sample date published"}}, {"type": "Feature", "geometry": {"type": "Point", "coordinates": [78.7231, 21.3422]}, "properties": {"sr": "86", "taluka": "Kalmeshwar", "site": "Lohgad", "aquifer": "shallow", "ph": 7.5, "ec": 908.0, "tds": 480.0, "th": 321.3, "ca": 47.0, "mg": 48.6, "na": 36.0, "k": 2.99, "hco3": 291.4, "cl": 45.9, "so4": 42.0, "no3": 47.0, "f": 0.27, "sar": 0.88, "rsc": -1.57, "page": 249.0, "is10500_exceedances": "nitrate", "n_params_tested": 6, "irrigation_class_e": "pass", "source_agency": "CGWB", "sample_period": "compiled 2019-20 (NAQUIM), no per-sample date published"}}, {"type": "Feature", "geometry": {"type": "Point", "coordinates": [79.0697, 20.7453]}, "properties": {"sr": "87", "taluka": "Umred", "site": "Singori", "aquifer": "shallow", "ph": 7.7, "ec": 557.0, "tds": 295.0, "th": 209.1, "ca": 42.9, "mg": 24.3, "na": 43.0, "k": 1.09, "hco3": 243.8, "cl": 23.6, "so4": 29.0, "no3": 27.0, "f": 0.44, "sar": 1.3, "rsc": -0.15, "page": 249.0, "is10500_exceedances": "", "n_params_tested": 6, "irrigation_class_e": "pass", "source_agency": "CGWB", "sample_period": "compiled 2019-20 (NAQUIM), no per-sample date published"}}, {"type": "Feature", "geometry": {"type": "Point", "coordinates": [78.9525, 21.2692]}, "properties": {"sr": "88", "taluka": "Kalmeshwar", "site": "Tondakhairi", "aquifer": "shallow", "ph": 7.7, "ec": 825.0, "tds": 436.0, "th": 300.9, "ca": 47.0, "mg": 43.7, "na": 39.0, "k": 15.51, "hco3": 380.6, "cl": 36.0, "so4": 19.0, "no3": 37.0, "f": 0.74, "sar": 0.98, "rsc": 0.29, "page": 249.0, "is10500_exceedances": "", "n_params_tested": 6, "irrigation_class_e": "pass", "source_agency": "CGWB", "sample_period": "compiled 2019-20 (NAQUIM), no per-sample date published"}}, {"type": "Feature", "geometry": {"type": "Point", "coordinates": [78.7128, 21.2658]}, "properties": {"sr": "89", "taluka": "Katol", "site": "Metpanjara", "aquifer": "shallow", "ph": 7.7, "ec": 1391.0, "tds": 737.0, "th": 469.2, "ca": 124.7, "mg": 37.7, "na": 39.0, "k": 6.32, "hco3": 368.7, "cl": 112.9, "so4": 87.0, "no3": 30.0, "f": 0.48, "sar": 0.78, "rsc": -3.29, "page": 249.0, "is10500_exceedances": "", "n_params_tested": 6, "irrigation_class_e": "pass", "source_agency": "CGWB", "sample_period": "compiled 2019-20 (NAQUIM), no per-sample date published"}}, {"type": "Feature", "geometry": {"type": "Point", "coordinates": [78.9731, 21.3022]}, "properties": {"sr": "90", "taluka": "Kalmeshwar", "site": "Sillori", "aquifer": "shallow", "ph": 7.7, "ec": 2343.0, "tds": 1241.0, "th": 877.2, "ca": 249.4, "mg": 60.8, "na": 106.0, "k": 114.2, "hco3": 921.9, "cl": 187.4, "so4": 126.0, "no3": 46.0, "f": 0.24, "sar": 1.56, "rsc": -2.36, "page": 249.0, "is10500_exceedances": "nitrate|hardness", "n_params_tested": 6, "irrigation_class_e": "fail", "source_agency": "CGWB", "sample_period": "compiled 2019-20 (NAQUIM), no per-sample date published"}}, {"type": "Feature", "geometry": {"type": "Point", "coordinates": [78.835, 21.2353]}, "properties": {"sr": "91", "taluka": "Kalmeshwar", "site": "Khapri", "aquifer": "shallow", "ph": 7.8, "ec": 953.0, "tds": 505.0, "th": 367.2, "ca": 45.0, "mg": 60.8, "na": 26.0, "k": 1.1, "hco3": 368.7, "cl": 48.4, "so4": 36.0, "no3": 45.0, "f": 0.75, "sar": 0.59, "rsc": -1.2, "page": 249.0, "is10500_exceedances": "", "n_params_tested": 6, "irrigation_class_e": "pass", "source_agency": "CGWB", "sample_period": "compiled 2019-20 (NAQUIM), no per-sample date published"}}, {"type": "Feature", "geometry": {"type": "Point", "coordinates": [78.8214, 21.2028]}, "properties": {"sr": "92", "taluka": "Kalmeshwar", "site": "Linga", "aquifer": "shallow", "ph": 7.7, "ec": 1476.0, "tds": 782.0, "th": 418.2, "ca": 47.0, "mg": 71.7, "na": 63.0, "k": 63.78, "hco3": 529.3, "cl": 85.6, "so4": 75.0, "no3": 46.0, "f": 0.54, "sar": 1.35, "rsc": 0.43, "page": 249.0, "is10500_exceedances": "nitrate", "n_params_tested": 6, "irrigation_class_e": "pass", "source_agency": "CGWB", "sample_period": "compiled 2019-20 (NAQUIM), no per-sample date published"}}, {"type": "Feature", "geometry": {"type": "Point", "coordinates": [78.8161, 21.2522]}, "properties": {"sr": "93", "taluka": "Kalmeshwar", "site": "Kohli", "aquifer": "shallow", "ph": 7.7, "ec": 908.0, "tds": 482.0, "th": 367.2, "ca": 65.4, "mg": 48.6, "na": 29.0, "k": 1.64, "hco3": 380.6, "cl": 40.9, "so4": 42.0, "no3": 41.0, "f": 1.03, "sar": 0.66, "rsc": -1.03, "page": 249.0, "is10500_exceedances": "", "n_params_tested": 6, "irrigation_class_e": "pass", "source_agency": "CGWB", "sample_period": "compiled 2019-20 (NAQUIM), no per-sample date published"}}, {"type": "Feature", "geometry": {"type": "Point", "coordinates": [78.7022, 21.2189]}, "properties": {"sr": "94", "taluka": "Katol", "site": "Wasboli", "aquifer": "shallow", "ph": 7.7, "ec": 1141.0, "tds": 569.0, "th": 326.4, "ca": 42.9, "mg": 52.3, "na": 40.0, "k": 12.84, "hco3": 386.6, "cl": 53.4, "so4": 41.0, "no3": 44.0, "f": 0.62, "sar": 0.97, "rsc": -0.11, "page": 249.0, "is10500_exceedances": "", "n_params_tested": 6, "irrigation_class_e": "pass", "source_agency": "CGWB", "sample_period": "compiled 2019-20 (NAQUIM), no per-sample date published"}}, {"type": "Feature", "geometry": {"type": "Point", "coordinates": [78.7514, 21.3019]}, "properties": {"sr": "95", "taluka": "Kalmeshwar", "site": "Ramgiri", "aquifer": "shallow", "ph": 7.2, "ec": 522.0, "tds": 276.0, "th": 163.2, "ca": 45.0, "mg": 12.2, "na": 45.0, "k": 1.79, "hco3": 273.6, "cl": 16.1, "so4": 14.0, "no3": 9.0, "f": 0.6, "sar": 1.54, "rsc": 1.24, "page": 249.0, "is10500_exceedances": "", "n_params_tested": 6, "irrigation_class_e": "pass", "source_agency": "CGWB", "sample_period": "compiled 2019-20 (NAQUIM), no per-sample date published"}}, {"type": "Feature", "geometry": {"type": "Point", "coordinates": [78.9567, 21.1858]}, "properties": {"sr": "96", "taluka": "Nagpur (R)", "site": "Khairgaon", "aquifer": "shallow", "ph": 7.3, "ec": 1333.0, "tds": 706.0, "th": 453.9, "ca": 92.0, "mg": 53.5, "na": 33.0, "k": 1.8, "hco3": 428.2, "cl": 78.2, "so4": 66.0, "no3": 47.0, "f": 0.25, "sar": 0.68, "rsc": -1.98, "page": 249.0, "is10500_exceedances": "nitrate", "n_params_tested": 6, "irrigation_class_e": "pass", "source_agency": "CGWB", "sample_period": "compiled 2019-20 (NAQUIM), no per-sample date published"}}, {"type": "Feature", "geometry": {"type": "Point", "coordinates": [79.0036, 20.9297]}, "properties": {"sr": "97", "taluka": "Nagpur (R)", "site": "Satgaon", "aquifer": "shallow", "ph": 7.7, "ec": 1012.0, "tds": 536.0, "th": 214.2, "ca": 42.9, "mg": 25.5, "na": 72.0, "k": 0.77, "hco3": 243.8, "cl": 83.1, "so4": 62.0, "no3": 25.0, "f": 1.02, "sar": 2.15, "rsc": -0.25, "page": 249.0, "is10500_exceedances": "", "n_params_tested": 6, "irrigation_class_e": "pass", "source_agency": "CGWB", "sample_period": "compiled 2019-20 (NAQUIM), no per-sample date published"}}, {"type": "Feature", "geometry": {"type": "Point", "coordinates": [78.9683, 21.2019]}, "properties": {"sr": "98", "taluka": "Kalmeshwar", "site": "Ashti", "aquifer": "shallow", "ph": 7.8, "ec": 782.0, "tds": 414.0, "th": 300.9, "ca": 65.4, "mg": 32.8, "na": 37.0, "k": 1.23, "hco3": 374.7, "cl": 18.6, "so4": 26.0, "no3": 41.0, "f": 0.76, "sar": 0.93, "rsc": 0.17, "page": 249.0, "is10500_exceedances": "", "n_params_tested": 6, "irrigation_class_e": "pass", "source_agency": "CGWB", "sample_period": "compiled 2019-20 (NAQUIM), no per-sample date published"}}, {"type": "Feature", "geometry": {"type": "Point", "coordinates": [78.4458, 21.4686]}, "properties": {"sr": "99", "taluka": "Narkhed", "site": "Mohad", "aquifer": "shallow", "ph": 7.7, "ec": 2076.0, "tds": 1100.0, "th": 622.2, "ca": 139.0, "mg": 65.6, "na": 130.0, "k": 3.06, "hco3": 463.9, "cl": 294.1, "so4": 68.0, "no3": 16.0, "f": 0.26, "sar": 2.27, "rsc": -4.74, "page": 249.0, "is10500_exceedances": "hardness", "n_params_tested": 6, "irrigation_class_e": "pass", "source_agency": "CGWB", "sample_period": "compiled 2019-20 (NAQUIM), no per-sample date published"}}, {"type": "Feature", "geometry": {"type": "Point", "coordinates": [79.4003, 21.1472]}, "properties": {"sr": "100", "taluka": "Mauda", "site": "Mouda-1", "aquifer": "shallow", "ph": 7.6, "ec": 2288.0, "tds": 1212.0, "th": 275.4, "ca": 40.9, "mg": 41.3, "na": 286.0, "k": 10.67, "hco3": 624.5, "cl": 204.7, "so4": 154.0, "no3": 46.0, "f": 0.5, "sar": 7.54, "rsc": 4.79, "page": 249.0, "is10500_exceedances": "nitrate", "n_params_tested": 6, "irrigation_class_e": "fail", "source_agency": "CGWB", "sample_period": "compiled 2019-20 (NAQUIM), no per-sample date published"}}, {"type": "Feature", "geometry": {"type": "Point", "coordinates": [78.9578, 21.0739]}, "properties": {"sr": "101", "taluka": "Hingna", "site": "Hingna (Dhangarpura)", "aquifer": "shallow", "ph": 7.6, "ec": 664.0, "tds": 352.0, "th": 249.9, "ca": 24.5, "mg": 45.0, "na": 33.0, "k": 1.55, "hco3": 321.2, "cl": 21.1, "so4": 23.0, "no3": 23.0, "f": 0.32, "sar": 0.91, "rsc": 0.34, "page": 249.0, "is10500_exceedances": "", "n_params_tested": 6, "irrigation_class_e": "pass", "source_agency": "CGWB", "sample_period": "compiled 2019-20 (NAQUIM), no per-sample date published"}}, {"type": "Feature", "geometry": {"type": "Point", "coordinates": [79.45, 21.6689]}, "properties": {"sr": "102", "taluka": "Ramtek", "site": "Karwahi", "aquifer": "shallow", "ph": 8.0, "ec": 1703.0, "tds": 1107.0, "th": 438.2, "ca": 145.7, "mg": 71.1, "na": 170.87, "k": 2.51, "hco3": 385.5, "cl": 215.9, "so4": 99.0, "no3": 31.0, "f": null, "sar": 2.9, "rsc": -6.82, "page": 250.0, "is10500_exceedances": "", "n_params_tested": 5, "irrigation_class_e": "pass", "source_agency": "CGWB", "sample_period": "compiled 2019-20 (NAQUIM), no per-sample date published"}}, {"type": "Feature", "geometry": {"type": "Point", "coordinates": [79.3, 21.5306]}, "properties": {"sr": "103", "taluka": "Ramtek", "site": "Pathrai", "aquifer": "shallow", "ph": 7.8, "ec": 638.0, "tds": 415.0, "th": 239.0, "ca": 73.9, "mg": 40.1, "na": 38.4, "k": 2.0, "hco3": 263.5, "cl": 25.7, "so4": 50.0, "no3": 10.0, "f": null, "sar": 0.89, "rsc": -2.68, "page": 250.0, "is10500_exceedances": "", "n_params_tested": 5, "irrigation_class_e": "pass", "source_agency": "CGWB", "sample_period": "compiled 2019-20 (NAQUIM), no per-sample date published"}}, {"type": "Feature", "geometry": {"type": "Point", "coordinates": [79.3722, 21.6067]}, "properties": {"sr": "104", "taluka": "Ramtek", "site": "Kamthi", "aquifer": "shallow", "ph": 7.8, "ec": 474.0, "tds": 308.0, "th": 229.1, "ca": 77.8, "mg": 36.8, "na": 19.96, "k": 2.01, "hco3": 253.8, "cl": 12.9, "so4": 12.0, "no3": 16.0, "f": null, "sar": 0.47, "rsc": -2.76, "page": 250.0, "is10500_exceedances": "", "n_params_tested": 5, "irrigation_class_e": "pass", "source_agency": "CGWB", "sample_period": "compiled 2019-20 (NAQUIM), no per-sample date published"}}, {"type": "Feature", "geometry": {"type": "Point", "coordinates": [79.4311, 21.5603]}, "properties": {"sr": "105", "taluka": "Ramtek", "site": "Lakhapur", "aquifer": "shallow", "ph": 7.6, "ec": 335.0, "tds": 218.0, "th": 109.6, "ca": 31.9, "mg": 18.9, "na": 33.46, "k": 1.6, "hco3": 107.4, "cl": 28.3, "so4": 35.0, "no3": 8.0, "f": null, "sar": 1.16, "rsc": -1.39, "page": 250.0, "is10500_exceedances": "", "n_params_tested": 5, "irrigation_class_e": "pass", "source_agency": "CGWB", "sample_period": "compiled 2019-20 (NAQUIM), no per-sample date published"}}, {"type": "Feature", "geometry": {"type": "Point", "coordinates": [79.4164, 21.4589]}, "properties": {"sr": "106", "taluka": "Ramtek", "site": "Murda", "aquifer": "shallow", "ph": 7.4, "ec": 1251.0, "tds": 813.0, "th": 448.2, "ca": 129.7, "mg": 77.4, "na": 65.01, "k": 0.65, "hco3": 170.8, "cl": 267.3, "so4": 11.0, "no3": 31.0, "f": null, "sar": 1.11, "rsc": -10.05, "page": 250.0, "is10500_exceedances": "", "n_params_tested": 5, "irrigation_class_e": "pass", "source_agency": "CGWB", "sample_period": "compiled 2019-20 (NAQUIM), no per-sample date published"}}, {"type": "Feature", "geometry": {"type": "Point", "coordinates": [79.4322, 21.4217]}, "properties": {"sr": "107", "taluka": "Ramtek", "site": "Gugaldoh/ Ghogra", "aquifer": "shallow", "ph": 7.6, "ec": 1590.0, "tds": 1034.0, "th": 517.9, "ca": 167.7, "mg": 85.1, "na": 85.22, "k": 0.96, "hco3": 322.1, "cl": 210.8, "so4": 109.0, "no3": 31.0, "f": null, "sar": 1.34, "rsc": -10.11, "page": 250.0, "is10500_exceedances": "", "n_params_tested": 5, "irrigation_class_e": "pass", "source_agency": "CGWB", "sample_period": "compiled 2019-20 (NAQUIM), no per-sample date published"}}, {"type": "Feature", "geometry": {"type": "Point", "coordinates": [79.2042, 21.1414]}, "properties": {"sr": "108", "taluka": "Kamptee", "site": "Asoli Sakwa", "aquifer": "shallow", "ph": 7.9, "ec": 1290.0, "tds": 839.0, "th": 219.1, "ca": 77.8, "mg": 34.3, "na": 165.19, "k": 0.28, "hco3": 361.1, "cl": 138.8, "so4": 33.0, "no3": 10.0, "f": null, "sar": 3.92, "rsc": -0.79, "page": 250.0, "is10500_exceedances": "", "n_params_tested": 5, "irrigation_class_e": "pass", "source_agency": "CGWB", "sample_period": "compiled 2019-20 (NAQUIM), no per-sample date published"}}, {"type": "Feature", "geometry": {"type": "Point", "coordinates": [79.2836, 21.1375]}, "properties": {"sr": "109", "taluka": "Kamptee", "site": "Gumthala", "aquifer": "shallow", "ph": 7.7, "ec": 687.0, "tds": 447.0, "th": 288.8, "ca": 93.8, "mg": 47.4, "na": 34.05, "k": 0.85, "hco3": 185.4, "cl": 79.7, "so4": 53.0, "no3": 31.0, "f": null, "sar": 0.71, "rsc": -5.55, "page": 250.0, "is10500_exceedances": "", "n_params_tested": 5, "irrigation_class_e": "pass", "source_agency": "CGWB", "sample_period": "compiled 2019-20 (NAQUIM), no per-sample date published"}}, {"type": "Feature", "geometry": {"type": "Point", "coordinates": [79.2717, 21.1147]}, "properties": {"sr": "110", "taluka": "Kamptee", "site": "Palsad", "aquifer": "shallow", "ph": 7.6, "ec": 908.0, "tds": 590.0, "th": 303.8, "ca": 101.8, "mg": 49.1, "na": 61.81, "k": 2.07, "hco3": 161.0, "cl": 79.7, "so4": 139.0, "no3": 39.0, "f": null, "sar": 1.26, "rsc": -6.49, "page": 250.0, "is10500_exceedances": "", "n_params_tested": 5, "irrigation_class_e": "pass", "source_agency": "CGWB", "sample_period": "compiled 2019-20 (NAQUIM), no per-sample date published"}}, {"type": "Feature", "geometry": {"type": "Point", "coordinates": [79.3031, 21.0867]}, "properties": {"sr": "111", "taluka": "Kamptee", "site": "Chikli", "aquifer": "shallow", "ph": 8.0, "ec": 553.0, "tds": 359.0, "th": 164.3, "ca": 49.9, "mg": 27.8, "na": 61.71, "k": 1.83, "hco3": 190.3, "cl": 43.7, "so4": 36.0, "no3": 16.0, "f": null, "sar": 1.74, "rsc": -1.66, "page": 250.0, "is10500_exceedances": "", "n_params_tested": 5, "irrigation_class_e": "pass", "source_agency": "CGWB", "sample_period": "compiled 2019-20 (NAQUIM), no per-sample date published"}}, {"type": "Feature", "geometry": {"type": "Point", "coordinates": [79.3192, 21.1339]}, "properties": {"sr": "112", "taluka": "Kamptee", "site": "Badoda/ Wadoda", "aquifer": "shallow", "ph": 7.8, "ec": 473.0, "tds": 307.0, "th": 204.2, "ca": 61.9, "mg": 34.6, "na": 14.34, "k": 11.5, "hco3": 195.2, "cl": 18.0, "so4": 32.0, "no3": 11.0, "f": null, "sar": 0.36, "rsc": -2.74, "page": 250.0, "is10500_exceedances": "", "n_params_tested": 5, "irrigation_class_e": "pass", "source_agency": "CGWB", "sample_period": "compiled 2019-20 (NAQUIM), no per-sample date published"}}, {"type": "Feature", "geometry": {"type": "Point", "coordinates": [79.4189, 21.1172]}, "properties": {"sr": "113", "taluka": "Mauda", "site": "Vanjara", "aquifer": "shallow", "ph": 7.8, "ec": 619.0, "tds": 402.0, "th": 254.0, "ca": 79.8, "mg": 42.3, "na": 36.3, "k": 1.82, "hco3": 253.8, "cl": 18.0, "so4": 49.0, "no3": 29.0, "f": null, "sar": 0.82, "rsc": -3.31, "page": 250.0, "is10500_exceedances": "", "n_params_tested": 5, "irrigation_class_e": "pass", "source_agency": "CGWB", "sample_period": "compiled 2019-20 (NAQUIM), no per-sample date published"}}, {"type": "Feature", "geometry": {"type": "Point", "coordinates": [79.4511, 21.1278]}, "properties": {"sr": "114", "taluka": "Mauda", "site": "Chirvha", "aquifer": "shallow", "ph": 8.0, "ec": 900.0, "tds": 585.0, "th": 234.1, "ca": 81.8, "mg": 37.0, "na": 102.06, "k": 4.16, "hco3": 292.8, "cl": 79.7, "so4": 43.0, "no3": 15.0, "f": null, "sar": 2.35, "rsc": -2.33, "page": 250.0, "is10500_exceedances": "", "n_params_tested": 5, "irrigation_class_e": "pass", "source_agency": "CGWB", "sample_period": "compiled 2019-20 (NAQUIM), no per-sample date published"}}, {"type": "Feature", "geometry": {"type": "Point", "coordinates": [79.45, 21.1564]}, "properties": {"sr": "115", "taluka": "Mauda", "site": "Marodi", "aquifer": "shallow", "ph": 7.9, "ec": 777.0, "tds": 505.0, "th": 219.1, "ca": 65.9, "mg": 37.2, "na": 38.43, "k": 2.87, "hco3": 302.6, "cl": 43.7, "so4": 15.0, "no3": 18.0, "f": null, "sar": 0.94, "rsc": -1.4, "page": 250.0, "is10500_exceedances": "", "n_params_tested": 5, "irrigation_class_e": "pass", "source_agency": "CGWB", "sample_period": "compiled 2019-20 (NAQUIM), no per-sample date published"}}, {"type": "Feature", "geometry": {"type": "Point", "coordinates": [79.4686, 21.1858]}, "properties": {"sr": "116", "taluka": "Mauda", "site": "Dhanala", "aquifer": "shallow", "ph": 7.6, "ec": 2240.0, "tds": 1456.0, "th": 976.1, "ca": 305.4, "mg": 163.0, "na": 51.2, "k": 0.84, "hco3": 117.1, "cl": 601.4, "so4": 145.0, "no3": 41.0, "f": null, "sar": 0.59, "rsc": -26.76, "page": 250.0, "is10500_exceedances": "hardness", "n_params_tested": 5, "irrigation_class_e": "pass", "source_agency": "CGWB", "sample_period": "compiled 2019-20 (NAQUIM), no per-sample date published"}}, {"type": "Feature", "geometry": {"type": "Point", "coordinates": [79.5056, 21.1214]}, "properties": {"sr": "117", "taluka": "Mauda", "site": "Govri", "aquifer": "shallow", "ph": 7.9, "ec": 1885.0, "tds": 1225.0, "th": 562.7, "ca": 167.7, "mg": 96.0, "na": 135.69, "k": 30.03, "hco3": 551.4, "cl": 246.7, "so4": 76.0, "no3": 37.0, "f": null, "sar": 2.07, "rsc": -7.25, "page": 250.0, "is10500_exceedances": "", "n_params_tested": 5, "irrigation_class_e": "pass", "source_agency": "CGWB", "sample_period": "compiled 2019-20 (NAQUIM), no per-sample date published"}}, {"type": "Feature", "geometry": {"type": "Point", "coordinates": [79.5369, 21.2114]}, "properties": {"sr": "118", "taluka": "Mauda", "site": "Panjra", "aquifer": "shallow", "ph": 8.2, "ec": 1770.0, "tds": 1151.0, "th": 368.5, "ca": 123.8, "mg": 59.5, "na": 235.0, "k": 1.67, "hco3": 395.3, "cl": 231.3, "so4": 127.0, "no3": 28.0, "f": null, "sar": 4.34, "rsc": -4.61, "page": 250.0, "is10500_exceedances": "", "n_params_tested": 5, "irrigation_class_e": "pass", "source_agency": "CGWB", "sample_period": "compiled 2019-20 (NAQUIM), no per-sample date published"}}, {"type": "Feature", "geometry": {"type": "Point", "coordinates": [79.5369, 21.2853]}, "properties": {"sr": "119", "taluka": "Mauda", "site": "Sirsoli", "aquifer": "shallow", "ph": 8.1, "ec": 685.0, "tds": 445.0, "th": 293.8, "ca": 85.8, "mg": 50.5, "na": 41.17, "k": 3.09, "hco3": 253.8, "cl": 77.1, "so4": 31.0, "no3": 20.0, "f": null, "sar": 0.87, "rsc": -4.29, "page": 250.0, "is10500_exceedances": "", "n_params_tested": 5, "irrigation_class_e": "pass", "source_agency": "CGWB", "sample_period": "compiled 2019-20 (NAQUIM), no per-sample date published"}}, {"type": "Feature", "geometry": {"type": "Point", "coordinates": [79.5078, 21.3281]}, "properties": {"sr": "120", "taluka": "Mauda", "site": "Bori Ghiwari", "aquifer": "shallow", "ph": 7.9, "ec": 2894.0, "tds": 1881.0, "th": 358.6, "ca": 123.8, "mg": 57.1, "na": 320.48, "k": 1.9, "hco3": 385.5, "cl": 390.7, "so4": 72.0, "no3": 32.0, "f": null, "sar": 5.97, "rsc": -4.57, "page": 251.0, "is10500_exceedances": "", "n_params_tested": 5, "irrigation_class_e": "fail", "source_agency": "CGWB", "sample_period": "compiled 2019-20 (NAQUIM), no per-sample date published"}}, {"type": "Feature", "geometry": {"type": "Point", "coordinates": [79.4494, 21.3228]}, "properties": {"sr": "121", "taluka": "Mauda", "site": "Aroli", "aquifer": "shallow", "ph": 8.2, "ec": 919.0, "tds": 597.0, "th": 408.4, "ca": 125.7, "mg": 68.7, "na": 12.38, "k": 0.06, "hco3": 219.6, "cl": 79.7, "so4": 81.0, "no3": 12.0, "f": null, "sar": 0.22, "rsc": -8.34, "page": 251.0, "is10500_exceedances": "", "n_params_tested": 5, "irrigation_class_e": "pass", "source_agency": "CGWB", "sample_period": "compiled 2019-20 (NAQUIM), no per-sample date published"}}, {"type": "Feature", "geometry": {"type": "Point", "coordinates": [79.3283, 21.1989]}, "properties": {"sr": "122", "taluka": "Mauda", "site": "Kumbhapur", "aquifer": "shallow", "ph": 8.1, "ec": 751.0, "tds": 488.0, "th": 403.4, "ca": 139.7, "mg": 64.1, "na": 2.24, "k": 0.06, "hco3": 322.1, "cl": 20.6, "so4": 52.0, "no3": 19.0, "f": null, "sar": 0.04, "rsc": -6.98, "page": 251.0, "is10500_exceedances": "", "n_params_tested": 5, "irrigation_class_e": "pass", "source_agency": "CGWB", "sample_period": "compiled 2019-20 (NAQUIM), no per-sample date published"}}, {"type": "Feature", "geometry": {"type": "Point", "coordinates": [79.4289, 21.2308]}, "properties": {"sr": "123", "taluka": "Mauda", "site": "Bhendala", "aquifer": "shallow", "ph": 7.9, "ec": 1674.0, "tds": 1088.0, "th": 338.6, "ca": 105.8, "mg": 56.6, "na": 138.9, "k": 0.62, "hco3": 331.8, "cl": 208.2, "so4": 53.0, "no3": 31.0, "f": null, "sar": 2.71, "rsc": -4.51, "page": 251.0, "is10500_exceedances": "", "n_params_tested": 5, "irrigation_class_e": "pass", "source_agency": "CGWB", "sample_period": "compiled 2019-20 (NAQUIM), no per-sample date published"}}, {"type": "Feature", "geometry": {"type": "Point", "coordinates": [79.3878, 21.2622]}, "properties": {"sr": "124", "taluka": "Mauda", "site": "Hingna", "aquifer": "shallow", "ph": 7.9, "ec": 1691.0, "tds": 1099.0, "th": 408.4, "ca": 141.7, "mg": 64.8, "na": 138.25, "k": 0.59, "hco3": 409.9, "cl": 182.5, "so4": 56.0, "no3": 30.0, "f": null, "sar": 2.41, "rsc": -5.7, "page": 251.0, "is10500_exceedances": "", "n_params_tested": 5, "irrigation_class_e": "pass", "source_agency": "CGWB", "sample_period": "compiled 2019-20 (NAQUIM), no per-sample date published"}}, {"type": "Feature", "geometry": {"type": "Point", "coordinates": [79.3372, 21.2831]}, "properties": {"sr": "125", "taluka": "Mauda", "site": "Chacher", "aquifer": "shallow", "ph": 8.2, "ec": 1970.0, "tds": 1281.0, "th": 343.6, "ca": 117.8, "mg": 54.9, "na": 35.19, "k": 0.41, "hco3": 175.7, "cl": 105.4, "so4": 59.0, "no3": 30.0, "f": null, "sar": 0.67, "rsc": -7.53, "page": 251.0, "is10500_exceedances": "", "n_params_tested": 5, "irrigation_class_e": "pass", "source_agency": "CGWB", "sample_period": "compiled 2019-20 (NAQUIM), no per-sample date published"}}, {"type": "Feature", "geometry": {"type": "Point", "coordinates": [79.4639, 21.2647]}, "properties": {"sr": "126", "taluka": "Mauda", "site": "Rewral", "aquifer": "shallow", "ph": 7.8, "ec": 2952.0, "tds": 1919.0, "th": 308.8, "ca": 103.8, "mg": 49.8, "na": 175.0, "k": 102.41, "hco3": 444.1, "cl": 336.7, "so4": 21.0, "no3": 41.0, "f": null, "sar": 3.53, "rsc": -2.01, "page": 251.0, "is10500_exceedances": "", "n_params_tested": 5, "irrigation_class_e": "fail", "source_agency": "CGWB", "sample_period": "compiled 2019-20 (NAQUIM), no per-sample date published"}}, {"type": "Feature", "geometry": {"type": "Point", "coordinates": [79.1539, 21.2475]}, "properties": {"sr": "127", "taluka": "Kamptee", "site": "Waregaon", "aquifer": "shallow", "ph": 7.6, "ec": 2506.0, "tds": 1629.0, "th": 811.7, "ca": 279.4, "mg": 129.3, "na": 39.0, "k": 24.02, "hco3": 234.2, "cl": 439.5, "so4": 77.0, "no3": 88.0, "f": null, "sar": 0.48, "rsc": -20.77, "page": 251.0, "is10500_exceedances": "nitrate|hardness", "n_params_tested": 5, "irrigation_class_e": "fail", "source_agency": "CGWB", "sample_period": "compiled 2019-20 (NAQUIM), no per-sample date published"}}, {"type": "Feature", "geometry": {"type": "Point", "coordinates": [79.1211, 21.2469]}, "properties": {"sr": "128", "taluka": "Kamptee", "site": "Suradevi", "aquifer": "shallow", "ph": 7.6, "ec": 1569.0, "tds": 1020.0, "th": 209.2, "ca": 63.9, "mg": 35.3, "na": 165.0, "k": 22.0, "hco3": 229.4, "cl": 218.5, "so4": 70.0, "no3": 51.0, "f": null, "sar": 4.11, "rsc": -2.34, "page": 251.0, "is10500_exceedances": "nitrate", "n_params_tested": 5, "irrigation_class_e": "pass", "source_agency": "CGWB", "sample_period": "compiled 2019-20 (NAQUIM), no per-sample date published"}}, {"type": "Feature", "geometry": {"type": "Point", "coordinates": [79.1992, 21.1886]}, "properties": {"sr": "129", "taluka": "Kamptee", "site": "Ghorpada", "aquifer": "shallow", "ph": 7.6, "ec": 1985.0, "tds": 1290.0, "th": 418.3, "ca": 143.7, "mg": 66.7, "na": 37.9, "k": 20.6, "hco3": 122.0, "cl": 277.6, "so4": 62.0, "no3": 8.0, "f": null, "sar": 0.65, "rsc": -10.67, "page": 251.0, "is10500_exceedances": "", "n_params_tested": 5, "irrigation_class_e": "pass", "source_agency": "CGWB", "sample_period": "compiled 2019-20 (NAQUIM), no per-sample date published"}}, {"type": "Feature", "geometry": {"type": "Point", "coordinates": [79.2344, 21.1964]}, "properties": {"sr": "130", "taluka": "Kamptee", "site": "Gada", "aquifer": "shallow", "ph": 7.5, "ec": 585.0, "tds": 380.0, "th": 144.4, "ca": 47.9, "mg": 23.5, "na": 32.6, "k": 18.49, "hco3": 224.5, "cl": 30.8, "so4": 19.0, "no3": 15.0, "f": null, "sar": 0.96, "rsc": -0.65, "page": 251.0, "is10500_exceedances": "", "n_params_tested": 5, "irrigation_class_e": "pass", "source_agency": "CGWB", "sample_period": "compiled 2019-20 (NAQUIM), no per-sample date published"}}, {"type": "Feature", "geometry": {"type": "Point", "coordinates": [79.2922, 21.1903]}, "properties": {"sr": "131", "taluka": "Kamptee", "site": "Ungaon", "aquifer": "shallow", "ph": 7.7, "ec": 889.0, "tds": 578.0, "th": 308.8, "ca": 101.8, "mg": 50.3, "na": 37.6, "k": 19.34, "hco3": 297.7, "cl": 69.4, "so4": 24.0, "no3": 29.0, "f": null, "sar": 0.76, "rsc": -4.35, "page": 251.0, "is10500_exceedances": "", "n_params_tested": 5, "irrigation_class_e": "pass", "source_agency": "CGWB", "sample_period": "compiled 2019-20 (NAQUIM), no per-sample date published"}}, {"type": "Feature", "geometry": {"type": "Point", "coordinates": [79.2672, 21.2192]}, "properties": {"sr": "132", "taluka": "Parseoni", "site": "Khandala", "aquifer": "shallow", "ph": 7.7, "ec": 724.0, "tds": 471.0, "th": 119.5, "ca": 35.9, "mg": 20.3, "na": 68.0, "k": 21.0, "hco3": 283.0, "cl": 43.7, "so4": 22.0, "no3": 17.0, "f": null, "sar": 2.25, "rsc": 1.17, "page": 251.0, "is10500_exceedances": "", "n_params_tested": 5, "irrigation_class_e": "pass", "source_agency": "CGWB", "sample_period": "compiled 2019-20 (NAQUIM), no per-sample date published"}}, {"type": "Feature", "geometry": {"type": "Point", "coordinates": [78.9183, 21.2297]}, "properties": {"sr": "133", "taluka": "Kalmeshwar", "site": "Kalmeshwar", "aquifer": "shallow", "ph": 7.6, "ec": 1898.0, "tds": 1234.0, "th": 308.8, "ca": 91.8, "mg": 52.7, "na": 175.0, "k": 20.0, "hco3": 214.7, "cl": 411.2, "so4": 48.0, "no3": 16.0, "f": null, "sar": 3.6, "rsc": -5.41, "page": 251.0, "is10500_exceedances": "", "n_params_tested": 5, "irrigation_class_e": "pass", "source_agency": "CGWB", "sample_period": "compiled 2019-20 (NAQUIM), no per-sample date published"}}, {"type": "Feature", "geometry": {"type": "Point", "coordinates": [78.8553, 21.215]}, "properties": {"sr": "134", "taluka": "Kalmeshwar", "site": "Uparvani", "aquifer": "shallow", "ph": 7.9, "ec": 1174.0, "tds": 763.0, "th": 239.0, "ca": 79.8, "mg": 38.7, "na": 85.33, "k": 20.16, "hco3": 361.1, "cl": 100.2, "so4": 29.0, "no3": 59.0, "f": null, "sar": 1.96, "rsc": -1.25, "page": 251.0, "is10500_exceedances": "nitrate", "n_params_tested": 5, "irrigation_class_e": "pass", "source_agency": "CGWB", "sample_period": "compiled 2019-20 (NAQUIM), no per-sample date published"}}, {"type": "Feature", "geometry": {"type": "Point", "coordinates": [78.8389, 21.2825]}, "properties": {"sr": "135", "taluka": "Kalmeshwar", "site": "Wathoda", "aquifer": "shallow", "ph": 7.4, "ec": 1234.0, "tds": 802.0, "th": 263.9, "ca": 93.8, "mg": 41.3, "na": 61.0, "k": 34.07, "hco3": 209.8, "cl": 156.8, "so4": 45.0, "no3": 50.0, "f": null, "sar": 1.32, "rsc": -4.65, "page": 251.0, "is10500_exceedances": "nitrate", "n_params_tested": 5, "irrigation_class_e": "pass", "source_agency": "CGWB", "sample_period": "compiled 2019-20 (NAQUIM), no per-sample date published"}}, {"type": "Feature", "geometry": {"type": "Point", "coordinates": [78.8283, 21.3064]}, "properties": {"sr": "136", "taluka": "Kalmeshwar", "site": "Mohpa", "aquifer": "shallow", "ph": 7.6, "ec": 1109.0, "tds": 721.0, "th": 318.7, "ca": 107.8, "mg": 51.3, "na": 35.16, "k": 20.45, "hco3": 239.1, "cl": 125.9, "so4": 32.0, "no3": 62.0, "f": null, "sar": 0.7, "rsc": -5.69, "page": 251.0, "is10500_exceedances": "nitrate", "n_params_tested": 5, "irrigation_class_e": "pass", "source_agency": "CGWB", "sample_period": "compiled 2019-20 (NAQUIM), no per-sample date published"}}, {"type": "Feature", "geometry": {"type": "Point", "coordinates": [78.7908, 21.2925]}, "properties": {"sr": "137", "taluka": "Kalmeshwar", "site": "Khairi", "aquifer": "shallow", "ph": 7.5, "ec": 847.0, "tds": 551.0, "th": 244.0, "ca": 73.9, "mg": 41.4, "na": 30.51, "k": 5.88, "hco3": 136.6, "cl": 97.7, "so4": 29.0, "no3": 43.0, "f": null, "sar": 0.7, "rsc": -4.86, "page": 251.0, "is10500_exceedances": "", "n_params_tested": 5, "irrigation_class_e": "pass", "source_agency": "CGWB", "sample_period": "compiled 2019-20 (NAQUIM), no per-sample date published"}}, {"type": "Feature", "geometry": {"type": "Point", "coordinates": [78.8058, 21.3425]}, "properties": {"sr": "138", "taluka": "Kalmeshwar", "site": "Mandvi", "aquifer": "shallow", "ph": 7.8, "ec": 962.0, "tds": 625.0, "th": 139.4, "ca": 47.9, "mg": 22.2, "na": 60.5, "k": 36.6, "hco3": 39.0, "cl": 92.5, "so4": 84.0, "no3": 46.0, "f": null, "sar": 1.81, "rsc": -3.58, "page": 252.0, "is10500_exceedances": "nitrate", "n_params_tested": 5, "irrigation_class_e": "pass", "source_agency": "CGWB", "sample_period": "compiled 2019-20 (NAQUIM), no per-sample date published"}}, {"type": "Feature", "geometry": {"type": "Point", "coordinates": [78.7875, 21.3731]}, "properties": {"sr": "139", "taluka": "Kalmeshwar", "site": "Tishti", "aquifer": "shallow", "ph": 7.4, "ec": 1026.0, "tds": 667.0, "th": 259.0, "ca": 87.8, "mg": 41.6, "na": 35.3, "k": 20.9, "hco3": 175.7, "cl": 107.9, "so4": 35.0, "no3": 78.0, "f": null, "sar": 0.78, "rsc": -4.93, "page": 252.0, "is10500_exceedances": "nitrate", "n_params_tested": 5, "irrigation_class_e": "pass", "source_agency": "CGWB", "sample_period": "compiled 2019-20 (NAQUIM), no per-sample date published"}}, {"type": "Feature", "geometry": {"type": "Point", "coordinates": [78.8856, 21.3464]}, "properties": {"sr": "140", "taluka": "Kalmeshwar", "site": "Parsodi Wakil", "aquifer": "shallow", "ph": 7.7, "ec": 756.0, "tds": 491.0, "th": 149.4, "ca": 43.9, "mg": 25.6, "na": 52.9, "k": 20.46, "hco3": 268.4, "cl": 28.3, "so4": 16.0, "no3": 32.0, "f": null, "sar": 1.57, "rsc": 0.1, "page": 252.0, "is10500_exceedances": "", "n_params_tested": 5, "irrigation_class_e": "pass", "source_agency": "CGWB", "sample_period": "compiled 2019-20 (NAQUIM), no per-sample date published"}}, {"type": "Feature", "geometry": {"type": "Point", "coordinates": [78.8517, 21.3761]}, "properties": {"sr": "141", "taluka": "Kalmeshwar", "site": "Tel-Kamthi", "aquifer": "shallow", "ph": 7.7, "ec": 1059.0, "tds": 688.0, "th": 219.1, "ca": 67.9, "mg": 36.8, "na": 60.8, "k": 30.07, "hco3": 219.6, "cl": 128.5, "so4": 35.0, "no3": 53.0, "f": null, "sar": 1.48, "rsc": -2.82, "page": 252.0, "is10500_exceedances": "nitrate", "n_params_tested": 5, "irrigation_class_e": "pass", "source_agency": "CGWB", "sample_period": "compiled 2019-20 (NAQUIM), no per-sample date published"}}, {"type": "Feature", "geometry": {"type": "Point", "coordinates": [78.7728, 21.3889]}, "properties": {"sr": "142", "taluka": "Kalmeshwar", "site": "Dadhera", "aquifer": "shallow", "ph": 7.9, "ec": 929.0, "tds": 604.0, "th": 159.4, "ca": 49.9, "mg": 26.6, "na": 68.16, "k": 21.9, "hco3": 195.2, "cl": 74.5, "so4": 55.0, "no3": 19.0, "f": null, "sar": 1.94, "rsc": -1.48, "page": 252.0, "is10500_exceedances": "", "n_params_tested": 5, "irrigation_class_e": "pass", "source_agency": "CGWB", "sample_period": "compiled 2019-20 (NAQUIM), no per-sample date published"}}, {"type": "Feature", "geometry": {"type": "Point", "coordinates": [78.7589, 21.4731]}, "properties": {"sr": "143", "taluka": "Saoner", "site": "Khursipar", "aquifer": "shallow", "ph": 7.8, "ec": 590.0, "tds": 384.0, "th": 169.3, "ca": 49.9, "mg": 29.0, "na": 60.7, "k": 20.38, "hco3": 185.4, "cl": 79.7, "so4": 21.0, "no3": 23.0, "f": null, "sar": 1.69, "rsc": -1.84, "page": 252.0, "is10500_exceedances": "", "n_params_tested": 5, "irrigation_class_e": "pass", "source_agency": "CGWB", "sample_period": "compiled 2019-20 (NAQUIM), no per-sample date published"}}, {"type": "Feature", "geometry": {"type": "Point", "coordinates": [78.8103, 21.4747]}, "properties": {"sr": "144", "taluka": "Saoner", "site": "Jatamkhor", "aquifer": "shallow", "ph": 7.4, "ec": 970.0, "tds": 631.0, "th": 179.3, "ca": 55.9, "mg": 30.0, "na": 34.0, "k": 20.7, "hco3": 161.0, "cl": 46.3, "so4": 42.0, "no3": 75.0, "f": null, "sar": 0.91, "rsc": -2.62, "page": 252.0, "is10500_exceedances": "nitrate", "n_params_tested": 5, "irrigation_class_e": "pass", "source_agency": "CGWB", "sample_period": "compiled 2019-20 (NAQUIM), no per-sample date published"}}, {"type": "Feature", "geometry": {"type": "Point", "coordinates": [78.8136, 21.4203]}, "properties": {"sr": "145", "taluka": "Saoner", "site": "Umri", "aquifer": "shallow", "ph": 7.6, "ec": 543.0, "tds": 353.0, "th": 129.5, "ca": 41.9, "mg": 21.3, "na": 30.16, "k": 20.1, "hco3": 209.8, "cl": 25.7, "so4": 23.0, "no3": 17.0, "f": null, "sar": 0.95, "rsc": -0.41, "page": 252.0, "is10500_exceedances": "", "n_params_tested": 5, "irrigation_class_e": "pass", "source_agency": "CGWB", "sample_period": "compiled 2019-20 (NAQUIM), no per-sample date published"}}, {"type": "Feature", "geometry": {"type": "Point", "coordinates": [78.8642, 21.4436]}, "properties": {"sr": "146", "taluka": "Saoner", "site": "Rampuri", "aquifer": "shallow", "ph": 7.5, "ec": 1240.0, "tds": 806.0, "th": 313.7, "ca": 119.8, "mg": 47.1, "na": 53.8, "k": 22.3, "hco3": 219.6, "cl": 169.6, "so4": 41.0, "no3": 68.0, "f": null, "sar": 1.05, "rsc": -6.27, "page": 252.0, "is10500_exceedances": "nitrate", "n_params_tested": 5, "irrigation_class_e": "pass", "source_agency": "CGWB", "sample_period": "compiled 2019-20 (NAQUIM), no per-sample date published"}}, {"type": "Feature", "geometry": {"type": "Point", "coordinates": [78.8792, 21.4633]}, "properties": {"sr": "147", "taluka": "Saoner", "site": "Kelwad", "aquifer": "shallow", "ph": 8.0, "ec": 1329.0, "tds": 864.0, "th": 273.9, "ca": 91.8, "mg": 44.2, "na": 122.0, "k": 20.44, "hco3": 409.9, "cl": 110.5, "so4": 108.0, "no3": 51.0, "f": null, "sar": 2.62, "rsc": -1.51, "page": 252.0, "is10500_exceedances": "nitrate", "n_params_tested": 5, "irrigation_class_e": "pass", "source_agency": "CGWB", "sample_period": "compiled 2019-20 (NAQUIM), no per-sample date published"}}, {"type": "Feature", "geometry": {"type": "Point", "coordinates": [79.2661, 21.3367]}, "properties": {"sr": "148", "taluka": "Parseoni", "site": "Satak", "aquifer": "shallow", "ph": 7.4, "ec": 1243.0, "tds": 808.0, "th": 363.5, "ca": 133.7, "mg": 55.8, "na": 36.8, "k": 30.2, "hco3": 156.2, "cl": 161.9, "so4": 52.0, "no3": 72.0, "f": null, "sar": 0.67, "rsc": -8.72, "page": 252.0, "is10500_exceedances": "nitrate", "n_params_tested": 5, "irrigation_class_e": "pass", "source_agency": "CGWB", "sample_period": "compiled 2019-20 (NAQUIM), no per-sample date published"}}, {"type": "Feature", "geometry": {"type": "Point", "coordinates": [79.3489, 21.3881]}, "properties": {"sr": "149", "taluka": "Ramtek", "site": "Amgaon", "aquifer": "shallow", "ph": 7.5, "ec": 229.0, "tds": 149.0, "th": 64.7, "ca": 20.0, "mg": 10.9, "na": 12.3, "k": 3.4, "hco3": 53.7, "cl": 28.3, "so4": 12.0, "no3": 10.0, "f": null, "sar": 0.55, "rsc": -1.02, "page": 252.0, "is10500_exceedances": "", "n_params_tested": 5, "irrigation_class_e": "pass", "source_agency": "CGWB", "sample_period": "compiled 2019-20 (NAQUIM), no per-sample date published"}}, {"type": "Feature", "geometry": {"type": "Point", "coordinates": [79.135, 21.3111]}, "properties": {"sr": "150", "taluka": "Parseoni", "site": "Tamaswadi", "aquifer": "shallow", "ph": 7.5, "ec": 551.0, "tds": 358.0, "th": 154.4, "ca": 53.9, "mg": 24.4, "na": 28.77, "k": 1.43, "hco3": 248.9, "cl": 22.1, "so4": 2.0, "no3": 4.0, "f": null, "sar": 0.82, "rsc": -0.62, "page": 252.0, "is10500_exceedances": "", "n_params_tested": 5, "irrigation_class_e": "pass", "source_agency": "CGWB", "sample_period": "compiled 2019-20 (NAQUIM), no per-sample date published"}}, {"type": "Feature", "geometry": {"type": "Point", "coordinates": [79.175, 21.3136]}, "properties": {"sr": "151", "taluka": "Parseoni", "site": "Guramde", "aquifer": "shallow", "ph": 7.1, "ec": 476.0, "tds": 309.0, "th": 114.5, "ca": 33.9, "mg": 19.6, "na": 54.33, "k": 2.76, "hco3": 248.9, "cl": 12.9, "so4": 36.0, "no3": 9.0, "f": null, "sar": 1.84, "rsc": 0.77, "page": 252.0, "is10500_exceedances": "", "n_params_tested": 5, "irrigation_class_e": "pass", "source_agency": "CGWB", "sample_period": "compiled 2019-20 (NAQUIM), no per-sample date published"}}, {"type": "Feature", "geometry": {"type": "Point", "coordinates": [79.1139, 21.3739]}, "properties": {"sr": "152", "taluka": "Parseoni", "site": "Kharanbad", "aquifer": "shallow", "ph": 7.6, "ec": 1360.0, "tds": 884.0, "th": 263.9, "ca": 91.8, "mg": 41.8, "na": 116.49, "k": 49.81, "hco3": 327.0, "cl": 195.3, "so4": 7.0, "no3": 59.0, "f": null, "sar": 2.53, "rsc": -2.67, "page": 252.0, "is10500_exceedances": "nitrate", "n_params_tested": 5, "irrigation_class_e": "pass", "source_agency": "CGWB", "sample_period": "compiled 2019-20 (NAQUIM), no per-sample date published"}}, {"type": "Feature", "geometry": {"type": "Point", "coordinates": [78.9956, 21.4656]}, "properties": {"sr": "153", "taluka": "Parseoni", "site": "Khubala", "aquifer": "shallow", "ph": 7.8, "ec": 690.0, "tds": 449.0, "th": 164.3, "ca": 59.9, "mg": 25.4, "na": 33.32, "k": 23.99, "hco3": 214.7, "cl": 38.6, "so4": 35.0, "no3": 9.0, "f": null, "sar": 0.91, "rsc": -1.57, "page": 252.0, "is10500_exceedances": "", "n_params_tested": 5, "irrigation_class_e": "pass", "source_agency": "CGWB", "sample_period": "compiled 2019-20 (NAQUIM), no per-sample date published"}}, {"type": "Feature", "geometry": {"type": "Point", "coordinates": [78.9472, 21.5047]}, "properties": {"sr": "154", "taluka": "Saoner", "site": "Tembhurdoh", "aquifer": "shallow", "ph": 7.8, "ec": 215.0, "tds": 140.0, "th": 144.4, "ca": 47.9, "mg": 23.5, "na": 69.32, "k": 2.62, "hco3": 307.4, "cl": 22.1, "so4": 22.0, "no3": 29.0, "f": null, "sar": 2.05, "rsc": 0.71, "page": 252.0, "is10500_exceedances": "", "n_params_tested": 5, "irrigation_class_e": "pass", "source_agency": "CGWB", "sample_period": "compiled 2019-20 (NAQUIM), no per-sample date published"}}, {"type": "Feature", "geometry": {"type": "Point", "coordinates": [79.025, 21.3358]}, "properties": {"sr": "155", "taluka": "Saoner", "site": "Waki", "aquifer": "shallow", "ph": 7.8, "ec": 693.0, "tds": 450.0, "th": 179.3, "ca": 63.9, "mg": 28.0, "na": 64.06, "k": 0.93, "hco3": 278.2, "cl": 46.3, "so4": 61.0, "no3": 41.0, "f": null, "sar": 1.68, "rsc": -0.94, "page": 252.0, "is10500_exceedances": "", "n_params_tested": 5, "irrigation_class_e": "pass", "source_agency": "CGWB", "sample_period": "compiled 2019-20 (NAQUIM), no per-sample date published"}}, {"type": "Feature", "geometry": {"type": "Point", "coordinates": [78.9436, 21.3756]}, "properties": {"sr": "156", "taluka": "Saoner", "site": "Gujarwadi", "aquifer": "shallow", "ph": 7.8, "ec": 934.0, "tds": 607.0, "th": 263.9, "ca": 93.8, "mg": 41.3, "na": 81.74, "k": 0.59, "hco3": 458.7, "cl": 64.3, "so4": 17.0, "no3": 39.0, "f": null, "sar": 1.77, "rsc": -0.57, "page": 252.0, "is10500_exceedances": "", "n_params_tested": 5, "irrigation_class_e": "pass", "source_agency": "CGWB", "sample_period": "compiled 2019-20 (NAQUIM), no per-sample date published"}}, {"type": "Feature", "geometry": {"type": "Point", "coordinates": [78.9081, 21.4147]}, "properties": {"sr": "157", "taluka": "Saoner", "site": "Khurajgaon", "aquifer": "shallow", "ph": 7.9, "ec": 605.0, "tds": 393.0, "th": 164.3, "ca": 59.9, "mg": 25.4, "na": 72.38, "k": 10.25, "hco3": 219.6, "cl": 59.1, "so4": 30.0, "no3": 33.0, "f": null, "sar": 1.97, "rsc": -1.49, "page": 253.0, "is10500_exceedances": "", "n_params_tested": 5, "irrigation_class_e": "pass", "source_agency": "CGWB", "sample_period": "compiled 2019-20 (NAQUIM), no per-sample date published"}}, {"type": "Feature", "geometry": {"type": "Point", "coordinates": [78.9583, 21.4414]}, "properties": {"sr": "158", "taluka": "Saoner", "site": "Nanda Kuurd Nandapur", "aquifer": "shallow", "ph": 7.9, "ec": 613.0, "tds": 398.0, "th": 164.3, "ca": 59.9, "mg": 25.4, "na": 84.64, "k": 1.18, "hco3": 361.1, "cl": 22.1, "so4": 23.0, "no3": 6.0, "f": null, "sar": 2.31, "rsc": 0.83, "page": 253.0, "is10500_exceedances": "", "n_params_tested": 5, "irrigation_class_e": "pass", "source_agency": "CGWB", "sample_period": "compiled 2019-20 (NAQUIM), no per-sample date published"}}, {"type": "Feature", "geometry": {"type": "Point", "coordinates": [78.9047, 21.4753]}, "properties": {"sr": "159", "taluka": "Saoner", "site": "Kawatha", "aquifer": "shallow", "ph": 7.8, "ec": 1114.0, "tds": 724.0, "th": 298.8, "ca": 111.8, "mg": 45.4, "na": 76.29, "k": 6.16, "hco3": 390.4, "cl": 84.8, "so4": 4.0, "no3": 39.0, "f": null, "sar": 1.54, "rsc": -2.93, "page": 253.0, "is10500_exceedances": "", "n_params_tested": 5, "irrigation_class_e": "pass", "source_agency": "CGWB", "sample_period": "compiled 2019-20 (NAQUIM), no per-sample date published"}}, {"type": "Feature", "geometry": {"type": "Point", "coordinates": [79.1256, 21.4856]}, "properties": {"sr": "160", "taluka": "Parseoni", "site": "SuwarDhara", "aquifer": "shallow", "ph": 7.7, "ec": 437.0, "tds": 284.0, "th": 144.4, "ca": 53.9, "mg": 22.0, "na": 30.76, "k": 2.86, "hco3": 131.8, "cl": 22.1, "so4": 61.0, "no3": 14.0, "f": null, "sar": 0.89, "rsc": -2.34, "page": 253.0, "is10500_exceedances": "", "n_params_tested": 5, "irrigation_class_e": "pass", "source_agency": "CGWB", "sample_period": "compiled 2019-20 (NAQUIM), no per-sample date published"}}, {"type": "Feature", "geometry": {"type": "Point", "coordinates": [79.165, 21.4347]}, "properties": {"sr": "161", "taluka": "Parseoni", "site": "Bitoli", "aquifer": "shallow", "ph": 7.7, "ec": 2181.0, "tds": 1418.0, "th": 438.2, "ca": 139.7, "mg": 72.5, "na": 298.3, "k": 0.81, "hco3": 444.1, "cl": 308.4, "so4": 149.0, "no3": 12.0, "f": null, "sar": 5.1, "rsc": -5.67, "page": 253.0, "is10500_exceedances": "", "n_params_tested": 5, "irrigation_class_e": "pass", "source_agency": "CGWB", "sample_period": "compiled 2019-20 (NAQUIM), no per-sample date published"}}, {"type": "Feature", "geometry": {"type": "Point", "coordinates": [79.1883, 21.415]}, "properties": {"sr": "162", "taluka": "Parseoni", "site": "Mahul", "aquifer": "shallow", "ph": 7.4, "ec": 1089.0, "tds": 708.0, "th": 249.0, "ca": 99.8, "mg": 36.3, "na": 50.69, "k": 15.01, "hco3": 268.4, "cl": 120.8, "so4": 2.0, "no3": 9.0, "f": null, "sar": 1.1, "rsc": -3.58, "page": 253.0, "is10500_exceedances": "", "n_params_tested": 5, "irrigation_class_e": "pass", "source_agency": "CGWB", "sample_period": "compiled 2019-20 (NAQUIM), no per-sample date published"}}, {"type": "Feature", "geometry": {"type": "Point", "coordinates": [79.2672, 21.2189]}, "properties": {"sr": "163", "taluka": "Parseoni", "site": "Khandala Ghatate", "aquifer": "shallow", "ph": 7.9, "ec": 612.0, "tds": 398.0, "th": 129.5, "ca": 37.9, "mg": 22.2, "na": 74.22, "k": 2.55, "hco3": 307.4, "cl": 15.4, "so4": 16.0, "no3": 3.0, "f": null, "sar": 2.37, "rsc": 1.32, "page": 253.0, "is10500_exceedances": "", "n_params_tested": 5, "irrigation_class_e": "pass", "source_agency": "CGWB", "sample_period": "compiled 2019-20 (NAQUIM), no per-sample date published"}}, {"type": "Feature", "geometry": {"type": "Point", "coordinates": [79.29, 21.26]}, "properties": {"sr": "164", "taluka": "Parseoni", "site": "Kherdi", "aquifer": "shallow", "ph": 8.2, "ec": 1844.0, "tds": 1199.0, "th": 378.5, "ca": 119.8, "mg": 62.9, "na": 103.8, "k": 26.51, "hco3": 336.7, "cl": 311.0, "so4": 2.0, "no3": 1.0, "f": null, "sar": 1.91, "rsc": -5.65, "page": 253.0, "is10500_exceedances": "", "n_params_tested": 5, "irrigation_class_e": "pass", "source_agency": "CGWB", "sample_period": "compiled 2019-20 (NAQUIM), no per-sample date published"}}, {"type": "Feature", "geometry": {"type": "Point", "coordinates": [79.3853, 21.3317]}, "properties": {"sr": "165", "taluka": "Ramtek", "site": "Kachurwadi", "aquifer": "shallow", "ph": 7.8, "ec": 401.0, "tds": 261.0, "th": 119.5, "ca": 35.9, "mg": 20.3, "na": 22.27, "k": 1.4, "hco3": 156.2, "cl": 22.1, "so4": 7.0, "no3": 20.0, "f": null, "sar": 0.74, "rsc": -0.9, "page": 253.0, "is10500_exceedances": "", "n_params_tested": 5, "irrigation_class_e": "pass", "source_agency": "CGWB", "sample_period": "compiled 2019-20 (NAQUIM), no per-sample date published"}}, {"type": "Feature", "geometry": {"type": "Point", "coordinates": [79.4292, 21.3531]}, "properties": {"sr": "166", "taluka": "Mauda", "site": "KhaperKhedi", "aquifer": "shallow", "ph": 7.7, "ec": 770.0, "tds": 501.0, "th": 129.5, "ca": 39.9, "mg": 21.8, "na": 10.5, "k": 0.65, "hco3": 53.7, "cl": 82.2, "so4": 4.0, "no3": 38.0, "f": null, "sar": 0.33, "rsc": -2.91, "page": 253.0, "is10500_exceedances": "", "n_params_tested": 5, "irrigation_class_e": "pass", "source_agency": "CGWB", "sample_period": "compiled 2019-20 (NAQUIM), no per-sample date published"}}, {"type": "Feature", "geometry": {"type": "Point", "coordinates": [79.2278, 21.3936]}, "properties": {"sr": "167", "taluka": "Ramtek", "site": "Patgavri", "aquifer": "shallow", "ph": 8.1, "ec": 1031.0, "tds": 670.0, "th": 219.1, "ca": 73.9, "mg": 35.3, "na": 101.0, "k": 15.4, "hco3": 419.7, "cl": 72.0, "so4": 54.0, "no3": 12.0, "f": null, "sar": 2.42, "rsc": 0.28, "page": 253.0, "is10500_exceedances": "", "n_params_tested": 5, "irrigation_class_e": "pass", "source_agency": "CGWB", "sample_period": "compiled 2019-20 (NAQUIM), no per-sample date published"}}, {"type": "Feature", "geometry": {"type": "Point", "coordinates": [79.2742, 21.4483]}, "properties": {"sr": "168", "taluka": "Borda", "site": "Ramtek", "aquifer": "shallow", "ph": 8.0, "ec": 1213.0, "tds": 788.0, "th": 253.5, "ca": 89.8, "mg": 39.8, "na": 111.84, "k": 56.62, "hco3": 380.6, "cl": 156.8, "so4": 55.0, "no3": 31.0, "f": null, "sar": 2.47, "rsc": -1.53, "page": 253.0, "is10500_exceedances": "", "n_params_tested": 5, "irrigation_class_e": "pass", "source_agency": "CGWB", "sample_period": "compiled 2019-20 (NAQUIM), no per-sample date published"}}, {"type": "Feature", "geometry": {"type": "Point", "coordinates": [79.4075, 21.5481]}, "properties": {"sr": "169", "taluka": "Warghat", "site": "Ramtek", "aquifer": "shallow", "ph": 7.6, "ec": 970.0, "tds": 631.0, "th": 164.3, "ca": 59.9, "mg": 25.4, "na": 82.74, "k": 4.64, "hco3": 205.0, "cl": 77.1, "so4": 25.0, "no3": 5.0, "f": null, "sar": 2.26, "rsc": -1.72, "page": 253.0, "is10500_exceedances": "", "n_params_tested": 5, "irrigation_class_e": "pass", "source_agency": "CGWB", "sample_period": "compiled 2019-20 (NAQUIM), no per-sample date published"}}, {"type": "Feature", "geometry": {"type": "Point", "coordinates": [79.4492, 21.3936]}, "properties": {"sr": "170", "taluka": "Karwahi", "site": "Ramtek", "aquifer": "shallow", "ph": 7.8, "ec": 984.0, "tds": 640.0, "th": 234.1, "ca": 81.8, "mg": 37.0, "na": 55.3, "k": 3.74, "hco3": 248.9, "cl": 79.7, "so4": 15.0, "no3": 22.0, "f": null, "sar": 1.27, "rsc": -3.05, "page": 253.0, "is10500_exceedances": "", "n_params_tested": 5, "irrigation_class_e": "pass", "source_agency": "CGWB", "sample_period": "compiled 2019-20 (NAQUIM), no per-sample date published"}}, {"type": "Feature", "geometry": {"type": "Point", "coordinates": [79.2092, 21.0958]}, "properties": {"sr": "171", "taluka": "Parsodi", "site": "Mauda", "aquifer": "shallow", "ph": 7.6, "ec": 1766.0, "tds": 1148.0, "th": 373.0, "ca": 135.7, "mg": 57.7, "na": 113.2, "k": 7.23, "hco3": 224.5, "cl": 254.4, "so4": 23.0, "no3": 17.0, "f": null, "sar": 2.05, "rsc": -7.85, "page": 253.0, "is10500_exceedances": "", "n_params_tested": 5, "irrigation_class_e": "pass", "source_agency": "CGWB", "sample_period": "compiled 2019-20 (NAQUIM), no per-sample date published"}}, {"type": "Feature", "geometry": {"type": "Point", "coordinates": [79.3038, 20.7698]}, "properties": {"sr": "172", "taluka": "Bhiwapur", "site": "Kaodasi", "aquifer": "shallow", "ph": 8.0, "ec": 504.0, "tds": null, "th": 200.0, "ca": 32.0, "mg": 29.0, "na": 25.0, "k": 3.0, "hco3": 195.0, "cl": 35.0, "so4": 33.0, "no3": 19.0, "f": 0.8, "sar": 0.77, "rsc": -0.79, "page": 253.0, "is10500_exceedances": "", "n_params_tested": 5, "irrigation_class_e": "pass", "source_agency": "CGWB", "sample_period": "compiled 2019-20 (NAQUIM), no per-sample date published"}}, {"type": "Feature", "geometry": {"type": "Point", "coordinates": [79.1953, 20.6314]}, "properties": {"sr": "173", "taluka": "Bhiwapur", "site": "Zamkoli", "aquifer": "shallow", "ph": 8.0, "ec": 622.0, "tds": null, "th": 265.0, "ca": 60.0, "mg": 28.0, "na": 21.0, "k": 2.0, "hco3": 226.0, "cl": 64.0, "so4": 10.0, "no3": 37.0, "f": 0.6, "sar": 0.56, "rsc": -1.6, "page": 253.0, "is10500_exceedances": "", "n_params_tested": 5, "irrigation_class_e": "pass", "source_agency": "CGWB", "sample_period": "compiled 2019-20 (NAQUIM), no per-sample date published"}}, {"type": "Feature", "geometry": {"type": "Point", "coordinates": [79.3098, 20.5974]}, "properties": {"sr": "174", "taluka": "Bhiwapur", "site": "Kholdoda", "aquifer": "shallow", "ph": 8.0, "ec": 3142.0, "tds": null, "th": 295.0, "ca": 56.0, "mg": 38.0, "na": 610.0, "k": 20.0, "hco3": 427.0, "cl": 638.0, "so4": 374.0, "no3": 8.0, "f": 0.8, "sar": 15.41, "rsc": 1.07, "page": 253.0, "is10500_exceedances": "", "n_params_tested": 5, "irrigation_class_e": "fail", "source_agency": "CGWB", "sample_period": "compiled 2019-20 (NAQUIM), no per-sample date published"}}, {"type": "Feature", "geometry": {"type": "Point", "coordinates": [79.3695, 20.7262]}, "properties": {"sr": "175", "taluka": "Bhiwapur", "site": "Malewada", "aquifer": "shallow", "ph": 8.0, "ec": 1560.0, "tds": null, "th": 325.0, "ca": 82.0, "mg": 29.0, "na": 202.0, "k": 16.0, "hco3": 336.0, "cl": 266.0, "so4": 96.0, "no3": 37.0, "f": 1.1, "sar": 4.88, "rsc": -0.98, "page": 253.0, "is10500_exceedances": "", "n_params_tested": 5, "irrigation_class_e": "pass", "source_agency": "CGWB", "sample_period": "compiled 2019-20 (NAQUIM), no per-sample date published"}}, {"type": "Feature", "geometry": {"type": "Point", "coordinates": [79.4421, 20.745]}, "properties": {"sr": "176", "taluka": "Bhiwapur", "site": "Seloti", "aquifer": "shallow", "ph": 8.0, "ec": 600.0, "tds": null, "th": 225.0, "ca": 60.0, "mg": 18.0, "na": 32.0, "k": 8.0, "hco3": 293.0, "cl": 28.0, "so4": 14.0, "no3": 16.0, "f": 0.6, "sar": 0.93, "rsc": 0.32, "page": 254.0, "is10500_exceedances": "", "n_params_tested": 5, "irrigation_class_e": "pass", "source_agency": "CGWB", "sample_period": "compiled 2019-20 (NAQUIM), no per-sample date published"}}, {"type": "Feature", "geometry": {"type": "Point", "coordinates": [79.5158, 20.803]}, "properties": {"sr": "177", "taluka": "Bhiwapur", "site": "Adhyal", "aquifer": "shallow", "ph": 8.0, "ec": 583.0, "tds": null, "th": 210.0, "ca": 40.0, "mg": 27.0, "na": 37.0, "k": 3.0, "hco3": 220.0, "cl": 32.0, "so4": 62.0, "no3": 4.0, "f": 0.8, "sar": 1.11, "rsc": -0.62, "page": 254.0, "is10500_exceedances": "", "n_params_tested": 5, "irrigation_class_e": "pass", "source_agency": "CGWB", "sample_period": "compiled 2019-20 (NAQUIM), no per-sample date published"}}, {"type": "Feature", "geometry": {"type": "Point", "coordinates": [79.5119, 20.8383]}, "properties": {"sr": "178", "taluka": "Bhiwapur", "site": "Somnala", "aquifer": "shallow", "ph": 8.0, "ec": 738.0, "tds": null, "th": 260.0, "ca": 70.0, "mg": 21.0, "na": 48.0, "k": 4.0, "hco3": 232.0, "cl": 78.0, "so4": 38.0, "no3": 36.0, "f": 0.4, "sar": 1.29, "rsc": -1.42, "page": 254.0, "is10500_exceedances": "", "n_params_tested": 5, "irrigation_class_e": "pass", "source_agency": "CGWB", "sample_period": "compiled 2019-20 (NAQUIM), no per-sample date published"}}, {"type": "Feature", "geometry": {"type": "Point", "coordinates": [79.5316, 20.9252]}, "properties": {"sr": "179", "taluka": "Kuhi", "site": "Gothangaon", "aquifer": "shallow", "ph": 8.0, "ec": 675.0, "tds": null, "th": 245.0, "ca": 60.0, "mg": 23.0, "na": 41.0, "k": 4.0, "hco3": 311.0, "cl": 39.0, "so4": 14.0, "no3": 17.0, "f": 1.1, "sar": 1.14, "rsc": 0.21, "page": 254.0, "is10500_exceedances": "", "n_params_tested": 5, "irrigation_class_e": "pass", "source_agency": "CGWB", "sample_period": "compiled 2019-20 (NAQUIM), no per-sample date published"}}, {"type": "Feature", "geometry": {"type": "Point", "coordinates": [79.5167, 20.9462]}, "properties": {"sr": "180", "taluka": "Kuhi", "site": "Jiwanapur", "aquifer": "shallow", "ph": 8.2, "ec": 728.0, "tds": null, "th": 240.0, "ca": 40.0, "mg": 34.0, "na": 58.0, "k": 3.0, "hco3": 348.0, "cl": 50.0, "so4": 10.0, "no3": 4.0, "f": 0.5, "sar": 1.63, "rsc": 0.91, "page": 254.0, "is10500_exceedances": "", "n_params_tested": 5, "irrigation_class_e": "pass", "source_agency": "CGWB", "sample_period": "compiled 2019-20 (NAQUIM), no per-sample date published"}}, {"type": "Feature", "geometry": {"type": "Point", "coordinates": [79.4353, 20.7992]}, "properties": {"sr": "181", "taluka": "Kuhi", "site": "Tutanbori", "aquifer": "shallow", "ph": 8.1, "ec": 322.0, "tds": null, "th": 200.0, "ca": 66.0, "mg": 9.0, "na": 51.0, "k": 4.0, "hco3": 311.0, "cl": 21.0, "so4": 24.0, "no3": 7.0, "f": 0.4, "sar": 1.56, "rsc": 1.06, "page": 254.0, "is10500_exceedances": "", "n_params_tested": 5, "irrigation_class_e": "pass", "source_agency": "CGWB", "sample_period": "compiled 2019-20 (NAQUIM), no per-sample date published"}}, {"type": "Feature", "geometry": {"type": "Point", "coordinates": [79.4498, 20.7949]}, "properties": {"sr": "182", "taluka": "Bhiwapur", "site": "Gondbori", "aquifer": "shallow", "ph": 8.2, "ec": 850.0, "tds": null, "th": 320.0, "ca": 80.0, "mg": 29.0, "na": 48.0, "k": 4.0, "hco3": 183.0, "cl": 177.0, "so4": 19.0, "no3": 11.0, "f": 0.3, "sar": 1.17, "rsc": -3.39, "page": 254.0, "is10500_exceedances": "", "n_params_tested": 5, "irrigation_class_e": "pass", "source_agency": "CGWB", "sample_period": "compiled 2019-20 (NAQUIM), no per-sample date published"}}, {"type": "Feature", "geometry": {"type": "Point", "coordinates": [79.4521, 20.9977]}, "properties": {"sr": "183", "taluka": "Kuhi", "site": "Adam", "aquifer": "shallow", "ph": 8.2, "ec": 646.0, "tds": null, "th": 290.0, "ca": 60.0, "mg": 34.0, "na": 14.0, "k": 4.0, "hco3": 244.0, "cl": 67.0, "so4": 24.0, "no3": 2.0, "f": 0.3, "sar": 0.36, "rsc": -1.8, "page": 254.0, "is10500_exceedances": "", "n_params_tested": 5, "irrigation_class_e": "pass", "source_agency": "CGWB", "sample_period": "compiled 2019-20 (NAQUIM), no per-sample date published"}}, {"type": "Feature", "geometry": {"type": "Point", "coordinates": [79.523, 20.9933]}, "properties": {"sr": "184", "taluka": "Kuhi", "site": "Channa", "aquifer": "shallow", "ph": 8.0, "ec": 1410.0, "tds": null, "th": 355.0, "ca": 136.0, "mg": 4.0, "na": 145.0, "k": 6.0, "hco3": 336.0, "cl": 220.0, "so4": 58.0, "no3": 40.0, "f": 0.8, "sar": 3.34, "rsc": -1.62, "page": 254.0, "is10500_exceedances": "", "n_params_tested": 5, "irrigation_class_e": "pass", "source_agency": "CGWB", "sample_period": "compiled 2019-20 (NAQUIM), no per-sample date published"}}, {"type": "Feature", "geometry": {"type": "Point", "coordinates": [79.4919, 21.0189]}, "properties": {"sr": "185", "taluka": "Kuhi", "site": "Pauni", "aquifer": "shallow", "ph": 8.0, "ec": 1680.0, "tds": null, "th": 385.0, "ca": 40.0, "mg": 69.0, "na": 207.0, "k": 8.0, "hco3": 336.0, "cl": 365.0, "so4": 43.0, "no3": 8.0, "f": 0.4, "sar": 4.59, "rsc": -2.17, "page": 254.0, "is10500_exceedances": "", "n_params_tested": 5, "irrigation_class_e": "pass", "source_agency": "CGWB", "sample_period": "compiled 2019-20 (NAQUIM), no per-sample date published"}}, {"type": "Feature", "geometry": {"type": "Point", "coordinates": [79.4594, 21.0519]}, "properties": {"sr": "186", "taluka": "Kuhi", "site": "Bhiwkund", "aquifer": "shallow", "ph": 8.2, "ec": 630.0, "tds": null, "th": 265.0, "ca": 60.0, "mg": 28.0, "na": 23.0, "k": 2.0, "hco3": 244.0, "cl": 53.0, "so4": 24.0, "no3": 23.0, "f": 0.8, "sar": 0.61, "rsc": -1.3, "page": 254.0, "is10500_exceedances": "", "n_params_tested": 5, "irrigation_class_e": "pass", "source_agency": "CGWB", "sample_period": "compiled 2019-20 (NAQUIM), no per-sample date published"}}, {"type": "Feature", "geometry": {"type": "Point", "coordinates": [79.5244, 21.0733]}, "properties": {"sr": "187", "taluka": "Kuhi", "site": "Rajola", "aquifer": "shallow", "ph": 8.1, "ec": 1450.0, "tds": null, "th": 410.0, "ca": 46.0, "mg": 72.0, "na": 147.0, "k": 2.0, "hco3": 391.0, "cl": 248.0, "so4": 29.0, "no3": 40.0, "f": 0.4, "sar": 3.15, "rsc": -1.82, "page": 254.0, "is10500_exceedances": "", "n_params_tested": 5, "irrigation_class_e": "pass", "source_agency": "CGWB", "sample_period": "compiled 2019-20 (NAQUIM), no per-sample date published"}}, {"type": "Feature", "geometry": {"type": "Point", "coordinates": [79.3509, 21.0119]}, "properties": {"sr": "188", "taluka": "Kuhi", "site": "Kuhi", "aquifer": "shallow", "ph": 8.1, "ec": 950.0, "tds": null, "th": 290.0, "ca": 100.0, "mg": 10.0, "na": 94.0, "k": 20.0, "hco3": 226.0, "cl": 199.0, "so4": 34.0, "no3": 24.0, "f": 0.8, "sar": 2.4, "rsc": -2.12, "page": 254.0, "is10500_exceedances": "", "n_params_tested": 5, "irrigation_class_e": "pass", "source_agency": "CGWB", "sample_period": "compiled 2019-20 (NAQUIM), no per-sample date published"}}, {"type": "Feature", "geometry": {"type": "Point", "coordinates": [79.2636, 21.0446]}, "properties": {"sr": "189", "taluka": "Kuhi", "site": "Dhanoli", "aquifer": "shallow", "ph": 7.9, "ec": 947.0, "tds": null, "th": 310.0, "ca": 36.0, "mg": 53.0, "na": 74.0, "k": 8.0, "hco3": 415.0, "cl": 53.0, "so4": 38.0, "no3": 30.0, "f": 0.9, "sar": 1.83, "rsc": 0.64, "page": 254.0, "is10500_exceedances": "", "n_params_tested": 5, "irrigation_class_e": "pass", "source_agency": "CGWB", "sample_period": "compiled 2019-20 (NAQUIM), no per-sample date published"}}, {"type": "Feature", "geometry": {"type": "Point", "coordinates": [79.256, 21.0112]}, "properties": {"sr": "190", "taluka": "Kuhi", "site": "Dodama", "aquifer": "shallow", "ph": 8.0, "ec": 1906.0, "tds": null, "th": 500.0, "ca": 62.0, "mg": 84.0, "na": 207.0, "k": 16.0, "hco3": 336.0, "cl": 440.0, "so4": 43.0, "no3": 37.0, "f": 0.8, "sar": 4.02, "rsc": -4.5, "page": 254.0, "is10500_exceedances": "", "n_params_tested": 5, "irrigation_class_e": "pass", "source_agency": "CGWB", "sample_period": "compiled 2019-20 (NAQUIM), no per-sample date published"}}, {"type": "Feature", "geometry": {"type": "Point", "coordinates": [79.3643, 21.0569]}, "properties": {"sr": "191", "taluka": "Kuhi", "site": "Ambadi", "aquifer": "shallow", "ph": 8.1, "ec": 928.0, "tds": null, "th": 270.0, "ca": 46.0, "mg": 38.0, "na": 85.0, "k": 8.0, "hco3": 281.0, "cl": 135.0, "so4": 14.0, "no3": 37.0, "f": 0.5, "sar": 2.24, "rsc": -0.82, "page": 254.0, "is10500_exceedances": "", "n_params_tested": 5, "irrigation_class_e": "pass", "source_agency": "CGWB", "sample_period": "compiled 2019-20 (NAQUIM), no per-sample date published"}}, {"type": "Feature", "geometry": {"type": "Point", "coordinates": [79.3333, 20.85]}, "properties": {"sr": "192", "taluka": "Umred", "site": "Umrer", "aquifer": "shallow", "ph": 7.9, "ec": 2212.0, "tds": 1171.0, "th": 637.5, "ca": 139.0, "mg": 69.3, "na": 181.8, "k": 10.22, "hco3": 862.4, "cl": 130.3, "so4": 182.0, "no3": 2.0, "f": 0.92, "sar": 3.14, "rsc": 1.49, "page": 254.0, "is10500_exceedances": "hardness", "n_params_tested": 6, "irrigation_class_e": "pass", "source_agency": "CGWB", "sample_period": "compiled 2019-20 (NAQUIM), no per-sample date published"}}, {"type": "Feature", "geometry": {"type": "Point", "coordinates": [79.3, 21.4]}, "properties": {"sr": "193", "taluka": "Parseoni", "site": "Ramtek", "aquifer": "shallow", "ph": 7.7, "ec": 1407.0, "tds": 746.0, "th": 387.6, "ca": 87.9, "mg": 40.1, "na": 102.23, "k": 10.0, "hco3": 469.9, "cl": 117.9, "so4": 51.0, "no3": 44.0, "f": 0.95, "sar": 2.27, "rsc": 0.01, "page": 254.0, "is10500_exceedances": "", "n_params_tested": 6, "irrigation_class_e": "pass", "source_agency": "CGWB", "sample_period": "compiled 2019-20 (NAQUIM), no per-sample date published"}}, {"type": "Feature", "geometry": {"type": "Point", "coordinates": [78.5333, 21.4667]}, "properties": {"sr": "194", "taluka": "Narkhed", "site": "Narkhed", "aquifer": "shallow", "ph": 7.4, "ec": 1417.0, "tds": 750.0, "th": 351.9, "ca": 73.6, "mg": 40.1, "na": 109.0, "k": 1.99, "hco3": 487.7, "cl": 85.6, "so4": 43.0, "no3": 44.0, "f": 0.55, "sar": 2.54, "rsc": 1.02, "page": 254.0, "is10500_exceedances": "", "n_params_tested": 6, "irrigation_class_e": "pass", "source_agency": "CGWB", "sample_period": "compiled 2019-20 (NAQUIM), no per-sample date published"}}, {"type": "Feature", "geometry": {"type": "Point", "coordinates": [79.0333, 20.9917]}, "properties": {"sr": "195", "taluka": "Hingna", "site": "Gumgaon", "aquifer": "shallow", "ph": 7.9, "ec": 758.0, "tds": 402.0, "th": 285.6, "ca": 83.8, "mg": 18.2, "na": 38.0, "k": 8.79, "hco3": 398.5, "cl": 11.2, "so4": 12.0, "no3": 9.0, "f": 0.73, "sar": 0.98, "rsc": 0.84, "page": 255.0, "is10500_exceedances": "", "n_params_tested": 6, "irrigation_class_e": "pass", "source_agency": "CGWB", "sample_period": "compiled 2019-20 (NAQUIM), no per-sample date published"}}, {"type": "Feature", "geometry": {"type": "Point", "coordinates": [79.3667, 21.5833]}, "properties": {"sr": "196", "taluka": "Ramtek", "site": "Deolapar", "aquifer": "shallow", "ph": 7.7, "ec": 613.0, "tds": 325.0, "th": 204.0, "ca": 47.0, "mg": 20.7, "na": 41.0, "k": 5.67, "hco3": 345.0, "cl": 13.6, "so4": 11.0, "no3": 0.0, "f": 1.36, "sar": 1.25, "rsc": 1.6, "page": 255.0, "is10500_exceedances": "", "n_params_tested": 6, "irrigation_class_e": "pass", "source_agency": "CGWB", "sample_period": "compiled 2019-20 (NAQUIM), no per-sample date published"}}, {"type": "Feature", "geometry": {"type": "Point", "coordinates": [79.1667, 21.0333]}, "properties": {"sr": "197", "taluka": "Umred", "site": "Panchgaon", "aquifer": "shallow", "ph": 8.0, "ec": 584.0, "tds": 310.0, "th": 229.5, "ca": 63.4, "mg": 17.0, "na": 17.0, "k": 1.0, "hco3": 249.8, "cl": 13.6, "so4": 41.0, "no3": 28.0, "f": 1.21, "sar": 0.49, "rsc": -0.47, "page": 255.0, "is10500_exceedances": "", "n_params_tested": 6, "irrigation_class_e": "pass", "source_agency": "CGWB", "sample_period": "compiled 2019-20 (NAQUIM), no per-sample date published"}}, {"type": "Feature", "geometry": {"type": "Point", "coordinates": [78.9333, 21.1417]}, "properties": {"sr": "198", "taluka": "Kalmeshwar", "site": "Wardhamna", "aquifer": "shallow", "ph": 7.6, "ec": 1587.0, "tds": 841.0, "th": 459.0, "ca": 83.8, "mg": 59.5, "na": 61.0, "k": 6.13, "hco3": 475.8, "cl": 170.0, "so4": 23.0, "no3": 4.0, "f": 0.51, "sar": 1.24, "rsc": -1.29, "page": 255.0, "is10500_exceedances": "", "n_params_tested": 6, "irrigation_class_e": "pass", "source_agency": "CGWB", "sample_period": "compiled 2019-20 (NAQUIM), no per-sample date published"}}, {"type": "Feature", "geometry": {"type": "Point", "coordinates": [78.9167, 21.2333]}, "properties": {"sr": "199", "taluka": "Kalmeshwar", "site": "Kalmeshwar", "aquifer": "shallow", "ph": 7.7, "ec": 685.0, "tds": 363.0, "th": 260.1, "ca": 40.9, "mg": 37.7, "na": 25.0, "k": 4.66, "hco3": 178.4, "cl": 80.6, "so4": 35.0, "no3": 3.0, "f": 0.46, "sar": 0.68, "rsc": -2.22, "page": 255.0, "is10500_exceedances": "", "n_params_tested": 6, "irrigation_class_e": "pass", "source_agency": "CGWB", "sample_period": "compiled 2019-20 (NAQUIM), no per-sample date published"}}, {"type": "Feature", "geometry": {"type": "Point", "coordinates": [79.3167, 21.4667]}, "properties": {"sr": "200", "taluka": "Ramtek", "site": "Chorbaoli", "aquifer": "shallow", "ph": 8.0, "ec": 1134.0, "tds": 566.0, "th": 255.0, "ca": 51.1, "mg": 30.4, "na": 133.0, "k": 2.13, "hco3": 487.7, "cl": 73.2, "so4": 20.0, "no3": 0.0, "f": 0.84, "sar": 3.64, "rsc": 2.94, "page": 255.0, "is10500_exceedances": "", "n_params_tested": 6, "irrigation_class_e": "pass", "source_agency": "CGWB", "sample_period": "compiled 2019-20 (NAQUIM), no per-sample date published"}}, {"type": "Feature", "geometry": {"type": "Point", "coordinates": [79.1667, 21.55]}, "properties": {"sr": "201", "taluka": "Parseoni", "site": "Parseoni", "aquifer": "shallow", "ph": 7.5, "ec": 696.0, "tds": 369.0, "th": 214.2, "ca": 42.9, "mg": 25.5, "na": 33.0, "k": 33.16, "hco3": 309.3, "cl": 26.1, "so4": 19.0, "no3": 11.0, "f": 0.12, "sar": 0.98, "rsc": 0.82, "page": 255.0, "is10500_exceedances": "", "n_params_tested": 6, "irrigation_class_e": "pass", "source_agency": "CGWB", "sample_period": "compiled 2019-20 (NAQUIM), no per-sample date published"}}, {"type": "Feature", "geometry": {"type": "Point", "coordinates": [79.0167, 21.5667]}, "properties": {"sr": "202", "taluka": "Parseoni", "site": "Nagalwadi", "aquifer": "shallow", "ph": 7.7, "ec": 781.0, "tds": 414.0, "th": 229.5, "ca": 47.0, "mg": 26.7, "na": 51.0, "k": 7.07, "hco3": 327.1, "cl": 28.5, "so4": 18.0, "no3": 15.0, "f": 0.65, "sar": 1.47, "rsc": 0.81, "page": 255.0, "is10500_exceedances": "", "n_params_tested": 6, "irrigation_class_e": "pass", "source_agency": "CGWB", "sample_period": "compiled 2019-20 (NAQUIM), no per-sample date published"}}, {"type": "Feature", "geometry": {"type": "Point", "coordinates": [79.4708, 21.4]}, "properties": {"sr": "203", "taluka": "Ramtek", "site": "Sivani", "aquifer": "shallow", "ph": 7.9, "ec": 790.0, "tds": 418.0, "th": 234.6, "ca": 42.9, "mg": 30.4, "na": 69.0, "k": 1.41, "hco3": 374.7, "cl": 33.5, "so4": 23.0, "no3": 14.0, "f": 1.23, "sar": 1.97, "rsc": 1.5, "page": 255.0, "is10500_exceedances": "", "n_params_tested": 6, "irrigation_class_e": "pass", "source_agency": "CGWB", "sample_period": "compiled 2019-20 (NAQUIM), no per-sample date published"}}, {"type": "Feature", "geometry": {"type": "Point", "coordinates": [79.2167, 20.95]}, "properties": {"sr": "204", "taluka": "Umred", "site": "Uti", "aquifer": "shallow", "ph": 7.8, "ec": 967.0, "tds": 512.0, "th": 311.1, "ca": 61.3, "mg": 37.7, "na": 51.0, "k": 3.25, "hco3": 410.4, "cl": 38.5, "so4": 35.0, "no3": 34.0, "f": 0.77, "sar": 1.26, "rsc": 0.56, "page": 255.0, "is10500_exceedances": "", "n_params_tested": 6, "irrigation_class_e": "pass", "source_agency": "CGWB", "sample_period": "compiled 2019-20 (NAQUIM), no per-sample date published"}}, {"type": "Feature", "geometry": {"type": "Point", "coordinates": [79.3417, 21.2833]}, "properties": {"sr": "205", "taluka": "Mauda", "site": "Chacher", "aquifer": "shallow", "ph": 7.7, "ec": 792.0, "tds": 420.0, "th": 234.6, "ca": 53.1, "mg": 24.3, "na": 65.0, "k": 1.81, "hco3": 315.2, "cl": 45.9, "so4": 64.0, "no3": 4.0, "f": 1.31, "sar": 1.85, "rsc": 0.51, "page": 255.0, "is10500_exceedances": "", "n_params_tested": 6, "irrigation_class_e": "pass", "source_agency": "CGWB", "sample_period": "compiled 2019-20 (NAQUIM), no per-sample date published"}}, {"type": "Feature", "geometry": {"type": "Point", "coordinates": [79.4222, 21.6806]}, "properties": {"sr": "206", "taluka": "Ramtek", "site": "Manegaon Tek", "aquifer": "shallow", "ph": 7.6, "ec": 1459.0, "tds": 773.0, "th": 433.5, "ca": 83.8, "mg": 53.5, "na": 42.0, "k": 5.56, "hco3": 463.9, "cl": 95.5, "so4": 7.0, "no3": 46.0, "f": 0.83, "sar": 0.88, "rsc": -0.99, "page": 255.0, "is10500_exceedances": "nitrate", "n_params_tested": 6, "irrigation_class_e": "pass", "source_agency": "CGWB", "sample_period": "compiled 2019-20 (NAQUIM), no per-sample date published"}}, {"type": "Feature", "geometry": {"type": "Point", "coordinates": [78.8764, 21.4597]}, "properties": {"sr": "207", "taluka": "Saoner", "site": "Kelod", "aquifer": "shallow", "ph": 7.7, "ec": 1236.0, "tds": 655.0, "th": 311.1, "ca": 65.4, "mg": 35.2, "na": 128.0, "k": 4.52, "hco3": 428.2, "cl": 75.7, "so4": 55.0, "no3": 42.0, "f": 1.34, "sar": 3.17, "rsc": 0.85, "page": 255.0, "is10500_exceedances": "", "n_params_tested": 6, "irrigation_class_e": "pass", "source_agency": "CGWB", "sample_period": "compiled 2019-20 (NAQUIM), no per-sample date published"}}, {"type": "Feature", "geometry": {"type": "Point", "coordinates": [78.8, 21.1333]}, "properties": {"sr": "208", "taluka": "Hingna", "site": "Sathnaori", "aquifer": "shallow", "ph": 7.8, "ec": 1015.0, "tds": 539.0, "th": 244.8, "ca": 65.4, "mg": 19.4, "na": 60.0, "k": 43.87, "hco3": 345.0, "cl": 50.9, "so4": 41.0, "no3": 42.0, "f": 0.63, "sar": 1.67, "rsc": 0.78, "page": 255.0, "is10500_exceedances": "", "n_params_tested": 6, "irrigation_class_e": "pass", "source_agency": "CGWB", "sample_period": "compiled 2019-20 (NAQUIM), no per-sample date published"}}, {"type": "Feature", "geometry": {"type": "Point", "coordinates": [79.1833, 21.3667]}, "properties": {"sr": "209", "taluka": "Parseoni", "site": "Nayakund", "aquifer": "shallow", "ph": 7.8, "ec": 773.0, "tds": 409.0, "th": 239.7, "ca": 45.0, "mg": 30.4, "na": 50.0, "k": 6.06, "hco3": 309.3, "cl": 36.0, "so4": 22.0, "no3": 33.0, "f": 0.92, "sar": 1.41, "rsc": 0.32, "page": 255.0, "is10500_exceedances": "", "n_params_tested": 6, "irrigation_class_e": "pass", "source_agency": "CGWB", "sample_period": "compiled 2019-20 (NAQUIM), no per-sample date published"}}, {"type": "Feature", "geometry": {"type": "Point", "coordinates": [78.9667, 21.45]}, "properties": {"sr": "210", "taluka": "Saoner", "site": "Khubala", "aquifer": "shallow", "ph": 7.6, "ec": 728.0, "tds": 386.0, "th": 234.6, "ca": 42.9, "mg": 30.4, "na": 41.0, "k": 14.06, "hco3": 321.2, "cl": 23.6, "so4": 21.0, "no3": 21.0, "f": 0.91, "sar": 1.17, "rsc": 0.62, "page": 255.0, "is10500_exceedances": "", "n_params_tested": 6, "irrigation_class_e": "pass", "source_agency": "CGWB", "sample_period": "compiled 2019-20 (NAQUIM), no per-sample date published"}}, {"type": "Feature", "geometry": {"type": "Point", "coordinates": [79.2167, 21.3333]}, "properties": {"sr": "211", "taluka": "Parseoni", "site": "Wagholi", "aquifer": "shallow", "ph": 7.7, "ec": 666.0, "tds": 353.0, "th": 214.2, "ca": 40.9, "mg": 26.7, "na": 52.0, "k": 4.6, "hco3": 315.2, "cl": 23.6, "so4": 14.0, "no3": 15.0, "f": 0.96, "sar": 1.55, "rsc": 0.92, "page": 255.0, "is10500_exceedances": "", "n_params_tested": 6, "irrigation_class_e": "pass", "source_agency": "CGWB", "sample_period": "compiled 2019-20 (NAQUIM), no per-sample date published"}}, {"type": "Feature", "geometry": {"type": "Point", "coordinates": [79.4, 21.3667]}, "properties": {"sr": "212", "taluka": "Ramtek", "site": "Sirpur Toli", "aquifer": "shallow", "ph": 7.3, "ec": 502.0, "tds": 266.0, "th": 198.9, "ca": 34.7, "mg": 26.7, "na": 23.0, "k": 4.07, "hco3": 226.0, "cl": 16.1, "so4": 21.0, "no3": 24.0, "f": 0.28, "sar": 0.71, "rsc": -0.23, "page": 255.0, "is10500_exceedances": "", "n_params_tested": 6, "irrigation_class_e": "pass", "source_agency": "CGWB", "sample_period": "compiled 2019-20 (NAQUIM), no per-sample date published"}}, {"type": "Feature", "geometry": {"type": "Point", "coordinates": [79.5458, 21.2417]}, "properties": {"sr": "213", "taluka": "Mauda", "site": "Khat", "aquifer": "shallow", "ph": 7.9, "ec": 861.0, "tds": 456.0, "th": 249.9, "ca": 47.0, "mg": 31.6, "na": 56.0, "k": 2.04, "hco3": 368.7, "cl": 48.4, "so4": 32.0, "no3": 7.0, "f": 2.22, "sar": 1.55, "rsc": 1.09, "page": 255.0, "is10500_exceedances": "fluoride", "n_params_tested": 6, "irrigation_class_e": "pass", "source_agency": "CGWB", "sample_period": "compiled 2019-20 (NAQUIM), no per-sample date published"}}, {"type": "Feature", "geometry": {"type": "Point", "coordinates": [78.975, 20.8833]}, "properties": {"sr": "214", "taluka": "Nagpur (R)", "site": "Borkhedi", "aquifer": "shallow", "ph": 7.6, "ec": 826.0, "tds": 438.0, "th": 239.7, "ca": 49.1, "mg": 27.9, "na": 54.0, "k": 3.93, "hco3": 386.6, "cl": 26.1, "so4": 18.0, "no3": 9.0, "f": 0.55, "sar": 1.52, "rsc": 1.58, "page": 256.0, "is10500_exceedances": "", "n_params_tested": 6, "irrigation_class_e": "pass", "source_agency": "CGWB", "sample_period": "compiled 2019-20 (NAQUIM), no per-sample date published"}}, {"type": "Feature", "geometry": {"type": "Point", "coordinates": [78.7583, 21.2667]}, "properties": {"sr": "215", "taluka": "Katol", "site": "Chargaon (Punarwasi)", "aquifer": "shallow", "ph": 7.7, "ec": 858.0, "tds": 454.0, "th": 285.6, "ca": 45.0, "mg": 41.3, "na": 56.0, "k": 1.22, "hco3": 356.9, "cl": 31.0, "so4": 28.0, "no3": 39.0, "f": 0.54, "sar": 1.45, "rsc": 0.2, "page": 256.0, "is10500_exceedances": "", "n_params_tested": 6, "irrigation_class_e": "pass", "source_agency": "CGWB", "sample_period": "compiled 2019-20 (NAQUIM), no per-sample date published"}}, {"type": "Feature", "geometry": {"type": "Point", "coordinates": [79.0639, 21.1306]}, "properties": {"sr": "216", "taluka": "Nagpur (R)", "site": "Nagpur_Ramdasp eth", "aquifer": "shallow", "ph": 7.9, "ec": 693.0, "tds": 367.0, "th": 198.9, "ca": 42.9, "mg": 21.9, "na": 55.0, "k": 1.39, "hco3": 303.3, "cl": 40.9, "so4": 16.0, "no3": 4.0, "f": 2.49, "sar": 1.7, "rsc": 1.03, "page": 256.0, "is10500_exceedances": "fluoride", "n_params_tested": 6, "irrigation_class_e": "pass", "source_agency": "CGWB", "sample_period": "compiled 2019-20 (NAQUIM), no per-sample date published"}}, {"type": "Feature", "geometry": {"type": "Point", "coordinates": [78.4083, 21.2658]}, "properties": {"sr": "217", "taluka": "Narkhed", "site": "Lohara", "aquifer": "shallow", "ph": 7.3, "ec": 647.0, "tds": 342.0, "th": 229.5, "ca": 65.4, "mg": 15.8, "na": 43.0, "k": 1.6, "hco3": 291.4, "cl": 36.0, "so4": 33.0, "no3": 8.0, "f": 0.22, "sar": 1.24, "rsc": 0.21, "page": 256.0, "is10500_exceedances": "", "n_params_tested": 6, "irrigation_class_e": "pass", "source_agency": "CGWB", "sample_period": "compiled 2019-20 (NAQUIM), no per-sample date published"}}, {"type": "Feature", "geometry": {"type": "Point", "coordinates": [79.4286, 20.8028]}, "properties": {"sr": "218", "taluka": "Bhiwapur", "site": "Nawegaon (Deshmukh)", "aquifer": "shallow", "ph": 7.7, "ec": 564.0, "tds": 299.0, "th": 163.2, "ca": 38.8, "mg": 15.8, "na": 41.0, "k": 7.56, "hco3": 291.4, "cl": 16.1, "so4": 21.0, "no3": 1.0, "f": 1.12, "sar": 1.4, "rsc": 1.54, "page": 256.0, "is10500_exceedances": "", "n_params_tested": 6, "irrigation_class_e": "pass", "source_agency": "CGWB", "sample_period": "compiled 2019-20 (NAQUIM), no per-sample date published"}}, {"type": "Feature", "geometry": {"type": "Point", "coordinates": [79.0383, 21.4194]}, "properties": {"sr": "219", "taluka": "Saoner", "site": "Kothulna", "aquifer": "shallow", "ph": 7.7, "ec": 2329.0, "tds": 1233.0, "th": 647.7, "ca": 110.4, "mg": 88.7, "na": 125.0, "k": 6.73, "hco3": 713.7, "cl": 232.0, "so4": 71.0, "no3": 45.0, "f": 1.26, "sar": 2.15, "rsc": -1.12, "page": 256.0, "is10500_exceedances": "hardness", "n_params_tested": 6, "irrigation_class_e": "fail", "source_agency": "CGWB", "sample_period": "compiled 2019-20 (NAQUIM), no per-sample date published"}}, {"type": "Feature", "geometry": {"type": "Point", "coordinates": [78.85, 20.9333]}, "properties": {"sr": "220", "taluka": "Hingna", "site": "Kanholi bara", "aquifer": "shallow", "ph": 7.5, "ec": 688.0, "tds": 365.0, "th": 234.6, "ca": 63.4, "mg": 18.2, "na": 33.0, "k": 4.04, "hco3": 309.3, "cl": 43.4, "so4": 22.0, "no3": 4.0, "f": 0.41, "sar": 0.94, "rsc": 0.4, "page": 256.0, "is10500_exceedances": "", "n_params_tested": 6, "irrigation_class_e": "pass", "source_agency": "CGWB", "sample_period": "compiled 2019-20 (NAQUIM), no per-sample date published"}}, {"type": "Feature", "geometry": {"type": "Point", "coordinates": [79.2194, 20.8667]}, "properties": {"sr": "221", "taluka": "Umred", "site": "Makardhokda", "aquifer": "shallow", "ph": 7.9, "ec": 727.0, "tds": 384.0, "th": 295.8, "ca": 59.3, "mg": 35.2, "na": 28.0, "k": 0.66, "hco3": 327.1, "cl": 28.5, "so4": 30.0, "no3": 10.0, "f": 0.64, "sar": 0.71, "rsc": -0.5, "page": 256.0, "is10500_exceedances": "", "n_params_tested": 6, "irrigation_class_e": "pass", "source_agency": "CGWB", "sample_period": "compiled 2019-20 (NAQUIM), no per-sample date published"}}, {"type": "Feature", "geometry": {"type": "Point", "coordinates": [78.925, 20.9944]}, "properties": {"sr": "222", "taluka": "Hingna", "site": "Amgaon", "aquifer": "shallow", "ph": 7.4, "ec": 564.0, "tds": 299.0, "th": 188.7, "ca": 42.9, "mg": 19.4, "na": 26.0, "k": 1.14, "hco3": 243.8, "cl": 31.0, "so4": 22.0, "no3": 1.0, "f": 0.38, "sar": 0.83, "rsc": 0.25, "page": 256.0, "is10500_exceedances": "", "n_params_tested": 6, "irrigation_class_e": "pass", "source_agency": "CGWB", "sample_period": "compiled 2019-20 (NAQUIM), no per-sample date published"}}, {"type": "Feature", "geometry": {"type": "Point", "coordinates": [78.635, 21.3917]}, "properties": {"sr": "223", "taluka": "Narkhed", "site": "Sawargaon", "aquifer": "shallow", "ph": 7.5, "ec": 824.0, "tds": 436.0, "th": 285.6, "ca": 47.0, "mg": 40.1, "na": 24.0, "k": 3.0, "hco3": 321.2, "cl": 48.4, "so4": 21.0, "no3": 13.0, "f": 0.34, "sar": 0.62, "rsc": -0.39, "page": 256.0, "is10500_exceedances": "", "n_params_tested": 6, "irrigation_class_e": "pass", "source_agency": "CGWB", "sample_period": "compiled 2019-20 (NAQUIM), no per-sample date published"}}, {"type": "Feature", "geometry": {"type": "Point", "coordinates": [78.7625, 21.1417]}, "properties": {"sr": "224", "taluka": "Nagpur (R)", "site": "Mohpa", "aquifer": "shallow", "ph": 7.8, "ec": 877.0, "tds": 465.0, "th": 290.7, "ca": 49.1, "mg": 40.1, "na": 48.0, "k": 1.94, "hco3": 345.0, "cl": 36.0, "so4": 28.0, "no3": 30.0, "f": 1.25, "sar": 1.23, "rsc": -0.1, "page": 256.0, "is10500_exceedances": "", "n_params_tested": 6, "irrigation_class_e": "pass", "source_agency": "CGWB", "sample_period": "compiled 2019-20 (NAQUIM), no per-sample date published"}}, {"type": "Feature", "geometry": {"type": "Point", "coordinates": [78.9139, 21.3028]}, "properties": {"sr": "225", "taluka": "Kalmeshwar", "site": "Dhapewada", "aquifer": "shallow", "ph": 7.5, "ec": 1362.0, "tds": 722.0, "th": 504.9, "ca": 106.3, "mg": 57.1, "na": 78.0, "k": 1.04, "hco3": 463.9, "cl": 122.8, "so4": 41.0, "no3": 44.0, "f": 0.44, "sar": 1.52, "rsc": -2.41, "page": 256.0, "is10500_exceedances": "", "n_params_tested": 6, "irrigation_class_e": "pass", "source_agency": "CGWB", "sample_period": "compiled 2019-20 (NAQUIM), no per-sample date published"}}, {"type": "Feature", "geometry": {"type": "Point", "coordinates": [79.08, 21.2528]}, "properties": {"sr": "226", "taluka": "Kamptee", "site": "Koradi", "aquifer": "shallow", "ph": 7.5, "ec": 476.0, "tds": 252.0, "th": 147.9, "ca": 38.8, "mg": 12.2, "na": 40.0, "k": 4.78, "hco3": 166.5, "cl": 45.9, "so4": 24.0, "no3": 7.0, "f": 0.63, "sar": 1.43, "rsc": -0.21, "page": 256.0, "is10500_exceedances": "", "n_params_tested": 6, "irrigation_class_e": "pass", "source_agency": "CGWB", "sample_period": "compiled 2019-20 (NAQUIM), no per-sample date published"}}, {"type": "Feature", "geometry": {"type": "Point", "coordinates": [79.1056, 21.1264]}, "properties": {"sr": "227", "taluka": "Nagpur (R)", "site": "Nagpur_Hanuma n nagar", "aquifer": "shallow", "ph": 7.5, "ec": 1039.0, "tds": 549.0, "th": 362.1, "ca": 40.9, "mg": 62.0, "na": 53.0, "k": 2.18, "hco3": 428.2, "cl": 58.3, "so4": 37.0, "no3": 6.0, "f": 1.67, "sar": 1.22, "rsc": -0.12, "page": 256.0, "is10500_exceedances": "fluoride", "n_params_tested": 6, "irrigation_class_e": "pass", "source_agency": "CGWB", "sample_period": "compiled 2019-20 (NAQUIM), no per-sample date published"}}, {"type": "Feature", "geometry": {"type": "Point", "coordinates": [78.9406, 21.3897]}, "properties": {"sr": "228", "taluka": "Saoner", "site": "Saoner-1", "aquifer": "shallow", "ph": 7.9, "ec": 1304.0, "tds": 691.0, "th": 418.2, "ca": 63.4, "mg": 62.0, "na": 62.0, "k": 0.73, "hco3": 487.7, "cl": 73.2, "so4": 38.0, "no3": 44.0, "f": 0.51, "sar": 1.33, "rsc": -0.27, "page": 256.0, "is10500_exceedances": "", "n_params_tested": 6, "irrigation_class_e": "pass", "source_agency": "CGWB", "sample_period": "compiled 2019-20 (NAQUIM), no per-sample date published"}}, {"type": "Feature", "geometry": {"type": "Point", "coordinates": [78.6111, 21.1706]}, "properties": {"sr": "229", "taluka": "Katol", "site": "Nandora", "aquifer": "shallow", "ph": 7.8, "ec": 397.0, "tds": 210.0, "th": 137.7, "ca": 26.6, "mg": 17.0, "na": 28.0, "k": 2.66, "hco3": 148.7, "cl": 13.6, "so4": 64.0, "no3": 4.0, "f": 0.45, "sar": 1.04, "rsc": -0.29, "page": 256.0, "is10500_exceedances": "", "n_params_tested": 6, "irrigation_class_e": "pass", "source_agency": "CGWB", "sample_period": "compiled 2019-20 (NAQUIM), no per-sample date published"}}, {"type": "Feature", "geometry": {"type": "Point", "coordinates": [78.9439, 20.9144]}, "properties": {"sr": "230", "taluka": "Hingna", "site": "Takalghat", "aquifer": "shallow", "ph": 7.6, "ec": 2209.0, "tds": 1170.0, "th": 627.3, "ca": 126.7, "mg": 74.1, "na": 109.0, "k": 88.05, "hco3": 927.8, "cl": 155.1, "so4": 59.0, "no3": 47.0, "f": 0.58, "sar": 1.9, "rsc": 2.77, "page": 256.0, "is10500_exceedances": "nitrate|hardness", "n_params_tested": 6, "irrigation_class_e": "pass", "source_agency": "CGWB", "sample_period": "compiled 2019-20 (NAQUIM), no per-sample date published"}}, {"type": "Feature", "geometry": {"type": "Point", "coordinates": [78.9906, 21.3533]}, "properties": {"sr": "231", "taluka": "Saoner", "site": "Bhasali Takli", "aquifer": "shallow", "ph": 7.8, "ec": 1507.0, "tds": 798.0, "th": 387.6, "ca": 85.9, "mg": 41.3, "na": 162.0, "k": 3.38, "hco3": 606.6, "cl": 103.0, "so4": 52.0, "no3": 46.0, "f": 0.31, "sar": 3.59, "rsc": 2.25, "page": 256.0, "is10500_exceedances": "nitrate", "n_params_tested": 6, "irrigation_class_e": "pass", "source_agency": "CGWB", "sample_period": "compiled 2019-20 (NAQUIM), no per-sample date published"}}, {"type": "Feature", "geometry": {"type": "Point", "coordinates": [79.2656, 20.8331]}, "properties": {"sr": "232", "taluka": "Umred", "site": "Pipaldol", "aquifer": "shallow", "ph": 8.0, "ec": 915.0, "tds": 484.0, "th": 321.3, "ca": 47.0, "mg": 48.6, "na": 43.0, "k": 6.34, "hco3": 350.9, "cl": 68.2, "so4": 66.0, "no3": 5.0, "f": 0.29, "sar": 1.05, "rsc": -0.6, "page": 256.0, "is10500_exceedances": "", "n_params_tested": 6, "irrigation_class_e": "pass", "source_agency": "CGWB", "sample_period": "compiled 2019-20 (NAQUIM), no per-sample date published"}}, {"type": "Feature", "geometry": {"type": "Point", "coordinates": [79.5164, 20.7664]}, "properties": {"sr": "233", "taluka": "Bhiwapur", "site": "Bhiwapur", "aquifer": "shallow", "ph": 7.6, "ec": 944.0, "tds": 500.0, "th": 260.1, "ca": 59.3, "mg": 26.7, "na": 79.0, "k": 8.39, "hco3": 315.2, "cl": 98.0, "so4": 76.0, "no3": 15.0, "f": 1.02, "sar": 2.14, "rsc": 0.0, "page": 257.0, "is10500_exceedances": "", "n_params_tested": 6, "irrigation_class_e": "pass", "source_agency": "CGWB", "sample_period": "compiled 2019-20 (NAQUIM), no per-sample date published"}}, {"type": "Feature", "geometry": {"type": "Point", "coordinates": [79.3475, 21.5308]}, "properties": {"sr": "234", "taluka": "Ramtek", "site": "Kharpada", "aquifer": "shallow", "ph": 7.5, "ec": 1345.0, "tds": 760.0, "th": 367.2, "ca": 83.8, "mg": 37.7, "na": 53.0, "k": 9.18, "hco3": 315.2, "cl": 95.5, "so4": 82.0, "no3": 46.0, "f": 0.25, "sar": 1.21, "rsc": -2.12, "page": 257.0, "is10500_exceedances": "nitrate", "n_params_tested": 6, "irrigation_class_e": "pass", "source_agency": "CGWB", "sample_period": "compiled 2019-20 (NAQUIM), no per-sample date published"}}, {"type": "Feature", "geometry": {"type": "Point", "coordinates": [78.6594, 21.4322]}, "properties": {"sr": "235", "taluka": "Narkhed", "site": "Malapur", "aquifer": "shallow", "ph": 7.7, "ec": 767.0, "tds": 406.0, "th": 270.3, "ca": 42.9, "mg": 38.9, "na": 29.0, "k": 1.36, "hco3": 71.4, "cl": 145.2, "so4": 40.0, "no3": 42.0, "f": 0.49, "sar": 0.77, "rsc": -4.18, "page": 257.0, "is10500_exceedances": "", "n_params_tested": 6, "irrigation_class_e": "pass", "source_agency": "CGWB", "sample_period": "compiled 2019-20 (NAQUIM), no per-sample date published"}}, {"type": "Feature", "geometry": {"type": "Point", "coordinates": [78.9008, 21.1364]}, "properties": {"sr": "236", "taluka": "Nagpur (R)", "site": "Gonkhedi", "aquifer": "shallow", "ph": 7.7, "ec": 724.0, "tds": 384.0, "th": 214.2, "ca": 42.9, "mg": 25.5, "na": 55.0, "k": 1.58, "hco3": 315.2, "cl": 28.5, "so4": 50.0, "no3": 12.0, "f": 1.05, "sar": 1.64, "rsc": 0.92, "page": 257.0, "is10500_exceedances": "", "n_params_tested": 6, "irrigation_class_e": "pass", "source_agency": "CGWB", "sample_period": "compiled 2019-20 (NAQUIM), no per-sample date published"}}, {"type": "Feature", "geometry": {"type": "Point", "coordinates": [78.6206, 21.2322]}, "properties": {"sr": "237", "taluka": "Katol", "site": "Ridhora", "aquifer": "shallow", "ph": 7.6, "ec": 638.0, "tds": 338.0, "th": 198.9, "ca": 40.9, "mg": 23.1, "na": 33.0, "k": 2.15, "hco3": 285.5, "cl": 21.1, "so4": 20.0, "no3": 17.0, "f": 0.54, "sar": 1.02, "rsc": 0.74, "page": 257.0, "is10500_exceedances": "", "n_params_tested": 6, "irrigation_class_e": "pass", "source_agency": "CGWB", "sample_period": "compiled 2019-20 (NAQUIM), no per-sample date published"}}, {"type": "Feature", "geometry": {"type": "Point", "coordinates": [79.0178, 21.1522]}, "properties": {"sr": "238", "taluka": "Nagpur (R)", "site": "Nagpur_Wadi naka", "aquifer": "shallow", "ph": 7.6, "ec": 912.0, "tds": 483.0, "th": 316.2, "ca": 47.0, "mg": 47.4, "na": 53.0, "k": 2.14, "hco3": 309.3, "cl": 68.2, "so4": 56.0, "no3": 22.0, "f": 0.33, "sar": 1.3, "rsc": -1.18, "page": 257.0, "is10500_exceedances": "", "n_params_tested": 6, "irrigation_class_e": "pass", "source_agency": "CGWB", "sample_period": "compiled 2019-20 (NAQUIM), no per-sample date published"}}, {"type": "Feature", "geometry": {"type": "Point", "coordinates": [79.0611, 21.0661]}, "properties": {"sr": "239", "taluka": "Nagpur (R)", "site": "Nagpur_Chinchb hawan", "aquifer": "shallow", "ph": 7.5, "ec": 1542.0, "tds": 818.0, "th": 351.9, "ca": 83.8, "mg": 34.0, "na": 158.0, "k": 11.11, "hco3": 493.6, "cl": 120.4, "so4": 87.0, "no3": 44.0, "f": 0.69, "sar": 3.67, "rsc": 1.1, "page": 257.0, "is10500_exceedances": "", "n_params_tested": 6, "irrigation_class_e": "pass", "source_agency": "CGWB", "sample_period": "compiled 2019-20 (NAQUIM), no per-sample date published"}}, {"type": "Feature", "geometry": {"type": "Point", "coordinates": [79.1692, 21.1608]}, "properties": {"sr": "240", "taluka": "Nagpur (R)", "site": "Nagpur_Punapur", "aquifer": "shallow", "ph": 7.5, "ec": 990.0, "tds": 524.0, "th": 275.4, "ca": 63.4, "mg": 27.9, "na": 82.0, "k": 11.41, "hco3": 208.2, "cl": 140.2, "so4": 78.0, "no3": 2.0, "f": 0.19, "sar": 2.16, "rsc": -2.06, "page": 257.0, "is10500_exceedances": "", "n_params_tested": 6, "irrigation_class_e": "pass", "source_agency": "CGWB", "sample_period": "compiled 2019-20 (NAQUIM), no per-sample date published"}}, {"type": "Feature", "geometry": {"type": "Point", "coordinates": [79.0772, 21.2086]}, "properties": {"sr": "241", "taluka": "Nagpur (R)", "site": "Nagpur_Koradi naka", "aquifer": "shallow", "ph": 7.8, "ec": 1591.0, "tds": 844.0, "th": 346.8, "ca": 85.9, "mg": 31.6, "na": 165.0, "k": 9.83, "hco3": 493.6, "cl": 189.8, "so4": 14.0, "no3": 8.0, "f": 0.54, "sar": 3.86, "rsc": 1.2, "page": 257.0, "is10500_exceedances": "", "n_params_tested": 6, "irrigation_class_e": "pass", "source_agency": "CGWB", "sample_period": "compiled 2019-20 (NAQUIM), no per-sample date published"}}, {"type": "Feature", "geometry": {"type": "Point", "coordinates": [79.0653, 21.1764]}, "properties": {"sr": "242", "taluka": "Nagpur (R)", "site": "Nagpur_Police line takli", "aquifer": "shallow", "ph": 7.6, "ec": 454.0, "tds": 240.0, "th": 204.0, "ca": 38.8, "mg": 25.5, "na": 17.0, "k": 0.84, "hco3": 107.1, "cl": 21.1, "so4": 130.0, "no3": 2.0, "f": 0.81, "sar": 0.52, "rsc": -2.29, "page": 257.0, "is10500_exceedances": "", "n_params_tested": 6, "irrigation_class_e": "pass", "source_agency": "CGWB", "sample_period": "compiled 2019-20 (NAQUIM), no per-sample date published"}}, {"type": "Feature", "geometry": {"type": "Point", "coordinates": [79.3603, 21.015]}, "properties": {"sr": "243", "taluka": "Kuhi", "site": "Kuhi-1", "aquifer": "shallow", "ph": 7.9, "ec": 780.0, "tds": 413.0, "th": 163.2, "ca": 18.4, "mg": 27.9, "na": 62.0, "k": 2.23, "hco3": 321.2, "cl": 18.6, "so4": 19.0, "no3": 14.0, "f": 0.7, "sar": 2.12, "rsc": 2.05, "page": 257.0, "is10500_exceedances": "", "n_params_tested": 6, "irrigation_class_e": "pass", "source_agency": "CGWB", "sample_period": "compiled 2019-20 (NAQUIM), no per-sample date published"}}, {"type": "Feature", "geometry": {"type": "Point", "coordinates": [79.3811, 21.2258]}, "properties": {"sr": "244", "taluka": "Mauda", "site": "Tarsha", "aquifer": "shallow", "ph": 7.5, "ec": 2490.0, "tds": 1318.0, "th": 821.1, "ca": 177.8, "mg": 89.9, "na": 143.0, "k": 58.65, "hco3": 731.5, "cl": 219.6, "so4": 178.0, "no3": 36.0, "f": 0.51, "sar": 2.18, "rsc": -4.3, "page": 257.0, "is10500_exceedances": "hardness", "n_params_tested": 6, "irrigation_class_e": "fail", "source_agency": "CGWB", "sample_period": "compiled 2019-20 (NAQUIM), no per-sample date published"}}, {"type": "Feature", "geometry": {"type": "Point", "coordinates": [78.8875, 21.0683]}, "properties": {"sr": "245", "taluka": "Hingna", "site": "Mohgaon Zelpi", "aquifer": "shallow", "ph": 7.5, "ec": 749.0, "tds": 397.0, "th": 219.3, "ca": 47.0, "mg": 24.3, "na": 32.0, "k": 0.91, "hco3": 249.8, "cl": 23.6, "so4": 35.0, "no3": 41.0, "f": 0.68, "sar": 0.94, "rsc": -0.26, "page": 257.0, "is10500_exceedances": "", "n_params_tested": 6, "irrigation_class_e": "pass", "source_agency": "CGWB", "sample_period": "compiled 2019-20 (NAQUIM), no per-sample date published"}}, {"type": "Feature", "geometry": {"type": "Point", "coordinates": [79.0167, 21.3353]}, "properties": {"sr": "246", "taluka": "Saoner", "site": "Patansaongi-2", "aquifer": "shallow", "ph": 8.0, "ec": 560.0, "tds": 297.0, "th": 209.1, "ca": 65.4, "mg": 10.9, "na": 34.0, "k": 1.59, "hco3": 309.3, "cl": 13.6, "so4": 8.0, "no3": 14.0, "f": 0.45, "sar": 1.02, "rsc": 0.9, "page": 257.0, "is10500_exceedances": "", "n_params_tested": 6, "irrigation_class_e": "pass", "source_agency": "CGWB", "sample_period": "compiled 2019-20 (NAQUIM), no per-sample date published"}}, {"type": "Feature", "geometry": {"type": "Point", "coordinates": [78.7231, 21.3422]}, "properties": {"sr": "247", "taluka": "Kalmeshwar", "site": "Lohgad", "aquifer": "shallow", "ph": 7.5, "ec": 908.0, "tds": 480.0, "th": 321.3, "ca": 47.0, "mg": 48.6, "na": 36.0, "k": 2.99, "hco3": 291.4, "cl": 45.9, "so4": 42.0, "no3": 47.0, "f": 0.27, "sar": 0.88, "rsc": -1.57, "page": 257.0, "is10500_exceedances": "nitrate", "n_params_tested": 6, "irrigation_class_e": "pass", "source_agency": "CGWB", "sample_period": "compiled 2019-20 (NAQUIM), no per-sample date published"}}, {"type": "Feature", "geometry": {"type": "Point", "coordinates": [79.0697, 20.7453]}, "properties": {"sr": "248", "taluka": "Umred", "site": "Singori", "aquifer": "shallow", "ph": 7.7, "ec": 557.0, "tds": 295.0, "th": 209.1, "ca": 42.9, "mg": 24.3, "na": 43.0, "k": 1.09, "hco3": 243.8, "cl": 23.6, "so4": 29.0, "no3": 27.0, "f": 0.44, "sar": 1.3, "rsc": -0.15, "page": 257.0, "is10500_exceedances": "", "n_params_tested": 6, "irrigation_class_e": "pass", "source_agency": "CGWB", "sample_period": "compiled 2019-20 (NAQUIM), no per-sample date published"}}, {"type": "Feature", "geometry": {"type": "Point", "coordinates": [78.9525, 21.2692]}, "properties": {"sr": "249", "taluka": "Kalmeshwar", "site": "Tondakhairi", "aquifer": "shallow", "ph": 7.7, "ec": 825.0, "tds": 436.0, "th": 300.9, "ca": 47.0, "mg": 43.7, "na": 39.0, "k": 15.51, "hco3": 380.6, "cl": 36.0, "so4": 19.0, "no3": 37.0, "f": 0.74, "sar": 0.98, "rsc": 0.29, "page": 257.0, "is10500_exceedances": "", "n_params_tested": 6, "irrigation_class_e": "pass", "source_agency": "CGWB", "sample_period": "compiled 2019-20 (NAQUIM), no per-sample date published"}}, {"type": "Feature", "geometry": {"type": "Point", "coordinates": [78.7128, 21.2658]}, "properties": {"sr": "250", "taluka": "Katol", "site": "Metpanjara", "aquifer": "shallow", "ph": 7.7, "ec": 1391.0, "tds": 737.0, "th": 469.2, "ca": 124.7, "mg": 37.7, "na": 39.0, "k": 6.32, "hco3": 368.7, "cl": 112.9, "so4": 87.0, "no3": 30.0, "f": 0.48, "sar": 0.78, "rsc": -3.29, "page": 257.0, "is10500_exceedances": "", "n_params_tested": 6, "irrigation_class_e": "pass", "source_agency": "CGWB", "sample_period": "compiled 2019-20 (NAQUIM), no per-sample date published"}}, {"type": "Feature", "geometry": {"type": "Point", "coordinates": [78.9731, 21.3022]}, "properties": {"sr": "251", "taluka": "Kalmeshwar", "site": "Sillori", "aquifer": "shallow", "ph": 7.7, "ec": 2343.0, "tds": 1241.0, "th": 877.2, "ca": 249.4, "mg": 60.8, "na": 106.0, "k": 114.2, "hco3": 921.9, "cl": 187.4, "so4": 126.0, "no3": 46.0, "f": 0.24, "sar": 1.56, "rsc": -2.36, "page": 257.0, "is10500_exceedances": "nitrate|hardness", "n_params_tested": 6, "irrigation_class_e": "fail", "source_agency": "CGWB", "sample_period": "compiled 2019-20 (NAQUIM), no per-sample date published"}}, {"type": "Feature", "geometry": {"type": "Point", "coordinates": [78.835, 21.2353]}, "properties": {"sr": "252", "taluka": "Kalmeshwar", "site": "Khapri", "aquifer": "shallow", "ph": 7.8, "ec": 953.0, "tds": 505.0, "th": 367.2, "ca": 45.0, "mg": 60.8, "na": 26.0, "k": 1.1, "hco3": 368.7, "cl": 48.4, "so4": 36.0, "no3": 45.0, "f": 0.75, "sar": 0.59, "rsc": -1.2, "page": 258.0, "is10500_exceedances": "", "n_params_tested": 6, "irrigation_class_e": "pass", "source_agency": "CGWB", "sample_period": "compiled 2019-20 (NAQUIM), no per-sample date published"}}, {"type": "Feature", "geometry": {"type": "Point", "coordinates": [78.8214, 21.2028]}, "properties": {"sr": "253", "taluka": "Kalmeshwar", "site": "Linga", "aquifer": "shallow", "ph": 7.7, "ec": 1476.0, "tds": 782.0, "th": 418.2, "ca": 47.0, "mg": 71.7, "na": 63.0, "k": 63.78, "hco3": 529.3, "cl": 85.6, "so4": 75.0, "no3": 46.0, "f": 0.54, "sar": 1.35, "rsc": 0.43, "page": 258.0, "is10500_exceedances": "nitrate", "n_params_tested": 6, "irrigation_class_e": "pass", "source_agency": "CGWB", "sample_period": "compiled 2019-20 (NAQUIM), no per-sample date published"}}, {"type": "Feature", "geometry": {"type": "Point", "coordinates": [78.8161, 21.2522]}, "properties": {"sr": "254", "taluka": "Kalmeshwar", "site": "Kohli", "aquifer": "shallow", "ph": 7.7, "ec": 908.0, "tds": 482.0, "th": 367.2, "ca": 65.4, "mg": 48.6, "na": 29.0, "k": 1.64, "hco3": 380.6, "cl": 40.9, "so4": 42.0, "no3": 41.0, "f": 1.03, "sar": 0.66, "rsc": -1.03, "page": 258.0, "is10500_exceedances": "", "n_params_tested": 6, "irrigation_class_e": "pass", "source_agency": "CGWB", "sample_period": "compiled 2019-20 (NAQUIM), no per-sample date published"}}, {"type": "Feature", "geometry": {"type": "Point", "coordinates": [78.7022, 21.2189]}, "properties": {"sr": "255", "taluka": "Katol", "site": "Wasboli", "aquifer": "shallow", "ph": 7.7, "ec": 1141.0, "tds": 569.0, "th": 326.4, "ca": 42.9, "mg": 52.3, "na": 40.0, "k": 12.84, "hco3": 386.6, "cl": 53.4, "so4": 41.0, "no3": 44.0, "f": 0.62, "sar": 0.97, "rsc": -0.11, "page": 258.0, "is10500_exceedances": "", "n_params_tested": 6, "irrigation_class_e": "pass", "source_agency": "CGWB", "sample_period": "compiled 2019-20 (NAQUIM), no per-sample date published"}}, {"type": "Feature", "geometry": {"type": "Point", "coordinates": [78.7514, 21.3019]}, "properties": {"sr": "256", "taluka": "Kalmeshwar", "site": "Ramgiri", "aquifer": "shallow", "ph": 7.2, "ec": 522.0, "tds": 276.0, "th": 163.2, "ca": 45.0, "mg": 12.2, "na": 45.0, "k": 1.79, "hco3": 273.6, "cl": 16.1, "so4": 14.0, "no3": 9.0, "f": 0.6, "sar": 1.54, "rsc": 1.24, "page": 258.0, "is10500_exceedances": "", "n_params_tested": 6, "irrigation_class_e": "pass", "source_agency": "CGWB", "sample_period": "compiled 2019-20 (NAQUIM), no per-sample date published"}}, {"type": "Feature", "geometry": {"type": "Point", "coordinates": [78.9567, 21.1858]}, "properties": {"sr": "257", "taluka": "Nagpur (R)", "site": "Khairgaon", "aquifer": "shallow", "ph": 7.3, "ec": 1333.0, "tds": 706.0, "th": 453.9, "ca": 92.0, "mg": 53.5, "na": 33.0, "k": 1.8, "hco3": 428.2, "cl": 78.2, "so4": 66.0, "no3": 47.0, "f": 0.25, "sar": 0.68, "rsc": -1.98, "page": 258.0, "is10500_exceedances": "nitrate", "n_params_tested": 6, "irrigation_class_e": "pass", "source_agency": "CGWB", "sample_period": "compiled 2019-20 (NAQUIM), no per-sample date published"}}, {"type": "Feature", "geometry": {"type": "Point", "coordinates": [79.0036, 20.9297]}, "properties": {"sr": "258", "taluka": "Nagpur (R)", "site": "Satgaon", "aquifer": "shallow", "ph": 7.7, "ec": 1012.0, "tds": 536.0, "th": 214.2, "ca": 42.9, "mg": 25.5, "na": 72.0, "k": 0.77, "hco3": 243.8, "cl": 83.1, "so4": 62.0, "no3": 25.0, "f": 1.02, "sar": 2.15, "rsc": -0.25, "page": 258.0, "is10500_exceedances": "", "n_params_tested": 6, "irrigation_class_e": "pass", "source_agency": "CGWB", "sample_period": "compiled 2019-20 (NAQUIM), no per-sample date published"}}, {"type": "Feature", "geometry": {"type": "Point", "coordinates": [78.9683, 21.2019]}, "properties": {"sr": "259", "taluka": "Kalmeshwar", "site": "Ashti", "aquifer": "shallow", "ph": 7.8, "ec": 782.0, "tds": 414.0, "th": 300.9, "ca": 65.4, "mg": 32.8, "na": 37.0, "k": 1.23, "hco3": 374.7, "cl": 18.6, "so4": 26.0, "no3": 41.0, "f": 0.76, "sar": 0.93, "rsc": 0.17, "page": 258.0, "is10500_exceedances": "", "n_params_tested": 6, "irrigation_class_e": "pass", "source_agency": "CGWB", "sample_period": "compiled 2019-20 (NAQUIM), no per-sample date published"}}, {"type": "Feature", "geometry": {"type": "Point", "coordinates": [78.4458, 21.4686]}, "properties": {"sr": "260", "taluka": "Narkhed", "site": "Mohad", "aquifer": "shallow", "ph": 7.7, "ec": 2076.0, "tds": 1100.0, "th": 622.2, "ca": 139.0, "mg": 65.6, "na": 130.0, "k": 3.06, "hco3": 463.9, "cl": 294.1, "so4": 68.0, "no3": 16.0, "f": 0.26, "sar": 2.27, "rsc": -4.74, "page": 258.0, "is10500_exceedances": "hardness", "n_params_tested": 6, "irrigation_class_e": "pass", "source_agency": "CGWB", "sample_period": "compiled 2019-20 (NAQUIM), no per-sample date published"}}, {"type": "Feature", "geometry": {"type": "Point", "coordinates": [79.4003, 21.1472]}, "properties": {"sr": "261", "taluka": "Mauda", "site": "Mouda-1", "aquifer": "shallow", "ph": 7.6, "ec": 2288.0, "tds": 1212.0, "th": 275.4, "ca": 40.9, "mg": 41.3, "na": 286.0, "k": 10.67, "hco3": 624.5, "cl": 204.7, "so4": 154.0, "no3": 46.0, "f": 0.5, "sar": 7.54, "rsc": 4.79, "page": 258.0, "is10500_exceedances": "nitrate", "n_params_tested": 6, "irrigation_class_e": "fail", "source_agency": "CGWB", "sample_period": "compiled 2019-20 (NAQUIM), no per-sample date published"}}, {"type": "Feature", "geometry": {"type": "Point", "coordinates": [78.9578, 21.0739]}, "properties": {"sr": "262", "taluka": "Hingna", "site": "Hingna (Dhangarpura)", "aquifer": "shallow", "ph": 7.6, "ec": 664.0, "tds": 352.0, "th": 249.9, "ca": 24.5, "mg": 45.0, "na": 33.0, "k": 1.55, "hco3": 321.2, "cl": 21.1, "so4": 23.0, "no3": 23.0, "f": 0.32, "sar": 0.91, "rsc": 0.34, "page": 258.0, "is10500_exceedances": "", "n_params_tested": 6, "irrigation_class_e": "pass", "source_agency": "CGWB", "sample_period": "compiled 2019-20 (NAQUIM), no per-sample date published"}}, {"type": "Feature", "geometry": {"type": "Point", "coordinates": [78.9331, 21.0977]}, "properties": {"sr": "263", "taluka": "Kuhi", "site": "khairi Pannase (dw)", "aquifer": "shallow", "ph": 7.8, "ec": 1309.0, "tds": 850.85, "th": 205.0, "ca": 54.1, "mg": 17.0, "na": 9.0, "k": 0.2, "hco3": 305.1, "cl": 212.7, "so4": 360.225, "no3": 93.0, "f": 0.11, "sar": 0.27, "rsc": 0.9, "page": 258.0, "is10500_exceedances": "nitrate", "n_params_tested": 6, "irrigation_class_e": "pass", "source_agency": "CGWB", "sample_period": "compiled 2019-20 (NAQUIM), no per-sample date published"}}, {"type": "Feature", "geometry": {"type": "Point", "coordinates": [79.3483, 21.3889]}, "properties": {"sr": "1", "taluka": "Ramtek", "site": "Amgaon", "aquifer": "deep", "ph": 6.8, "ec": 203.0, "tds": 132.0, "th": 90.0, "ca": 20.0, "mg": 9.7, "na": 4.6, "k": 3.9, "hco3": 42.7, "cl": 35.5, "so4": 19.2, "no3": 3.1, "f": 0.21, "sar": 0.21, "rsc": -1.1, "page": 259.0, "is10500_exceedances": "", "n_params_tested": 6, "irrigation_class_e": "pass", "source_agency": "CGWB", "sample_period": "compiled 2019-20 (NAQUIM), no per-sample date published"}}, {"type": "Feature", "geometry": {"type": "Point", "coordinates": [79.3483, 21.3889]}, "properties": {"sr": "2", "taluka": "Ramtek", "site": "Amgaon PYT", "aquifer": "deep", "ph": 7.0, "ec": 179.0, "tds": 116.4, "th": 70.0, "ca": 20.0, "mg": 4.9, "na": 8.7, "k": 2.0, "hco3": 36.6, "cl": 24.8, "so4": 8.2, "no3": 1.24, "f": 0.15, "sar": 0.45, "rsc": -0.8, "page": 259.0, "is10500_exceedances": "", "n_params_tested": 6, "irrigation_class_e": "pass", "source_agency": "CGWB", "sample_period": "compiled 2019-20 (NAQUIM), no per-sample date published"}}, {"type": "Feature", "geometry": {"type": "Point", "coordinates": [79.3803, 21.6053]}, "properties": {"sr": "3", "taluka": "Ramtek", "site": "Wadamba EW Drilling", "aquifer": "deep", "ph": 7.4, "ec": 458.0, "tds": 297.7, "th": 160.0, "ca": 40.0, "mg": 14.6, "na": 29.9, "k": 2.0, "hco3": 164.8, "cl": 46.1, "so4": 76.8, "no3": 24.8, "f": 0.65, "sar": 1.03, "rsc": -0.5, "page": 259.0, "is10500_exceedances": "", "n_params_tested": 6, "irrigation_class_e": "pass", "source_agency": "CGWB", "sample_period": "compiled 2019-20 (NAQUIM), no per-sample date published"}}, {"type": "Feature", "geometry": {"type": "Point", "coordinates": [79.3803, 21.6053]}, "properties": {"sr": "4", "taluka": "Ramtek", "site": "Wadamba EW PYT", "aquifer": "deep", "ph": 7.3, "ec": 214.0, "tds": 139.1, "th": 90.0, "ca": 24.0, "mg": 7.3, "na": 6.9, "k": 2.0, "hco3": 42.7, "cl": 31.9, "so4": 9.6, "no3": 9.92, "f": 0.77, "sar": 0.32, "rsc": -1.1, "page": 259.0, "is10500_exceedances": "", "n_params_tested": 6, "irrigation_class_e": "pass", "source_agency": "CGWB", "sample_period": "compiled 2019-20 (NAQUIM), no per-sample date published"}}, {"type": "Feature", "geometry": {"type": "Point", "coordinates": [79.3803, 21.6053]}, "properties": {"sr": "5", "taluka": "Ramtek", "site": "WadambaO W Driiling", "aquifer": "deep", "ph": 7.4, "ec": 465.0, "tds": 302.3, "th": 150.0, "ca": 40.0, "mg": 12.2, "na": 34.5, "k": 3.9, "hco3": 73.2, "cl": 70.9, "so4": 24.0, "no3": 6.82, "f": 0.7, "sar": 1.22, "rsc": -1.8, "page": 259.0, "is10500_exceedances": "", "n_params_tested": 6, "irrigation_class_e": "pass", "source_agency": "CGWB", "sample_period": "compiled 2019-20 (NAQUIM), no per-sample date published"}}, {"type": "Feature", "geometry": {"type": "Point", "coordinates": [79.3803, 21.6053]}, "properties": {"sr": "6", "taluka": "Ramtek", "site": "Wadamba OW PYT", "aquifer": "deep", "ph": 7.3, "ec": 581.0, "tds": 377.7, "th": 160.0, "ca": 20.0, "mg": 26.7, "na": 57.5, "k": 3.9, "hco3": 195.3, "cl": 49.6, "so4": 43.2, "no3": 18.6, "f": 0.72, "sar": 1.98, "rsc": 0.0, "page": 259.0, "is10500_exceedances": "", "n_params_tested": 6, "irrigation_class_e": "pass", "source_agency": "CGWB", "sample_period": "compiled 2019-20 (NAQUIM), no per-sample date published"}}, {"type": "Feature", "geometry": {"type": "Point", "coordinates": [79.2797, 21.4439]}, "properties": {"sr": "7", "taluka": "Ramtek", "site": "Borda EW PYT 1", "aquifer": "deep", "ph": 7.9, "ec": 801.0, "tds": 520.7, "th": 275.0, "ca": 20.0, "mg": 54.7, "na": 50.6, "k": 3.9, "hco3": 372.2, "cl": 21.3, "so4": 43.2, "no3": 16.74, "f": 1.3, "sar": 1.33, "rsc": 0.6, "page": 259.0, "is10500_exceedances": "", "n_params_tested": 6, "irrigation_class_e": "pass", "source_agency": "CGWB", "sample_period": "compiled 2019-20 (NAQUIM), no per-sample date published"}}, {"type": "Feature", "geometry": {"type": "Point", "coordinates": [79.2797, 21.4439]}, "properties": {"sr": "8", "taluka": "Ramtek", "site": "Borda EWPYT 2", "aquifer": "deep", "ph": 8.2, "ec": 810.0, "tds": 526.5, "th": 250.0, "ca": 10.0, "mg": 54.7, "na": 69.0, "k": 4.7, "hco3": 244.1, "cl": 53.2, "so4": 225.6, "no3": 24.8, "f": 1.37, "sar": 1.9, "rsc": -1.0, "page": 259.0, "is10500_exceedances": "", "n_params_tested": 6, "irrigation_class_e": "pass", "source_agency": "CGWB", "sample_period": "compiled 2019-20 (NAQUIM), no per-sample date published"}}, {"type": "Feature", "geometry": {"type": "Point", "coordinates": [79.2797, 21.4439]}, "properties": {"sr": "9", "taluka": "Ramtek", "site": "Borda EW Drilling", "aquifer": "deep", "ph": 7.9, "ec": 807.0, "tds": 524.6, "th": 275.0, "ca": 40.0, "mg": 42.5, "na": 59.8, "k": 5.1, "hco3": 109.8, "cl": 24.8, "so4": 307.2, "no3": 24.8, "f": 1.4, "sar": 1.57, "rsc": -3.7, "page": 259.0, "is10500_exceedances": "", "n_params_tested": 6, "irrigation_class_e": "pass", "source_agency": "CGWB", "sample_period": "compiled 2019-20 (NAQUIM), no per-sample date published"}}, {"type": "Feature", "geometry": {"type": "Point", "coordinates": [79.2797, 21.4439]}, "properties": {"sr": "10", "taluka": "Ramtek", "site": "Borda OW PYT", "aquifer": "deep", "ph": 8.2, "ec": 638.0, "tds": 414.7, "th": 240.0, "ca": 30.0, "mg": 40.1, "na": 34.5, "k": 3.1, "hco3": 256.3, "cl": 39.0, "so4": 192.0, "no3": 4.96, "f": 1.0, "sar": 0.97, "rsc": -0.6, "page": 259.0, "is10500_exceedances": "", "n_params_tested": 6, "irrigation_class_e": "pass", "source_agency": "CGWB", "sample_period": "compiled 2019-20 (NAQUIM), no per-sample date published"}}, {"type": "Feature", "geometry": {"type": "Point", "coordinates": [79.3428, 21.3483]}, "properties": {"sr": "11", "taluka": "Ramtek", "site": "Chichala EW Drilling", "aquifer": "deep", "ph": 8.1, "ec": 1719.0, "tds": 1117.4, "th": 575.0, "ca": 22.0, "mg": 126.4, "na": 135.7, "k": 4.7, "hco3": 793.3, "cl": 269.4, "so4": 19.2, "no3": 31.0, "f": 0.38, "sar": 2.46, "rsc": 1.5, "page": 259.0, "is10500_exceedances": "", "n_params_tested": 6, "irrigation_class_e": "pass", "source_agency": "CGWB", "sample_period": "compiled 2019-20 (NAQUIM), no per-sample date published"}}, {"type": "Feature", "geometry": {"type": "Point", "coordinates": [79.3811, 21.605]}, "properties": {"sr": "12", "taluka": "Ramtek", "site": "WadambaD ugwell 1", "aquifer": "deep", "ph": 7.6, "ec": 812.0, "tds": 527.8, "th": 310.0, "ca": 96.0, "mg": 17.0, "na": 41.4, "k": 3.9, "hco3": 305.1, "cl": 81.5, "so4": 14.4, "no3": 31.0, "f": 1.0, "sar": 1.02, "rsc": -1.2, "page": 259.0, "is10500_exceedances": "", "n_params_tested": 6, "irrigation_class_e": "pass", "source_agency": "CGWB", "sample_period": "compiled 2019-20 (NAQUIM), no per-sample date published"}}, {"type": "Feature", "geometry": {"type": "Point", "coordinates": [79.3814, 21.6039]}, "properties": {"sr": "13", "taluka": "Ramtek", "site": "Wadamba Dugwell 2", "aquifer": "deep", "ph": 7.7, "ec": 792.0, "tds": 514.8, "th": 340.0, "ca": 66.0, "mg": 42.5, "na": 25.3, "k": 2.0, "hco3": 311.2, "cl": 70.9, "so4": 19.2, "no3": 31.0, "f": 0.9, "sar": 0.6, "rsc": -1.7, "page": 259.0, "is10500_exceedances": "", "n_params_tested": 6, "irrigation_class_e": "pass", "source_agency": "CGWB", "sample_period": "compiled 2019-20 (NAQUIM), no per-sample date published"}}, {"type": "Feature", "geometry": {"type": "Point", "coordinates": [79.3814, 21.2286]}, "properties": {"sr": "14", "taluka": "Mauda", "site": "Tarsha Dugwell 1", "aquifer": "deep", "ph": 7.6, "ec": 1751.0, "tds": 1138.2, "th": 475.0, "ca": 114.0, "mg": 46.2, "na": 202.4, "k": 7.8, "hco3": 286.8, "cl": 407.7, "so4": 86.4, "no3": 24.8, "f": 0.52, "sar": 4.04, "rsc": -4.8, "page": 259.0, "is10500_exceedances": "", "n_params_tested": 6, "irrigation_class_e": "pass", "source_agency": "CGWB", "sample_period": "compiled 2019-20 (NAQUIM), no per-sample date published"}}, {"type": "Feature", "geometry": {"type": "Point", "coordinates": [79.3786, 21.2331]}, "properties": {"sr": "15", "taluka": "Mauda", "site": "Tarsha Dugwell 2", "aquifer": "deep", "ph": 7.7, "ec": 1217.0, "tds": 791.1, "th": 275.0, "ca": 98.0, "mg": 7.3, "na": 149.5, "k": 3.9, "hco3": 274.6, "cl": 124.1, "so4": 163.2, "no3": 43.4, "f": 0.98, "sar": 3.92, "rsc": -1.0, "page": 259.0, "is10500_exceedances": "", "n_params_tested": 6, "irrigation_class_e": "pass", "source_agency": "CGWB", "sample_period": "compiled 2019-20 (NAQUIM), no per-sample date published"}}, {"type": "Feature", "geometry": {"type": "Point", "coordinates": [79.3811, 21.2281]}, "properties": {"sr": "16", "taluka": "Mauda", "site": "Tarsha HandPump", "aquifer": "deep", "ph": 7.6, "ec": 2542.0, "tds": 1652.3, "th": 900.0, "ca": 168.0, "mg": 116.7, "na": 172.5, "k": 9.0, "hco3": 335.6, "cl": 655.8, "so4": 48.0, "no3": 42.16, "f": 0.45, "sar": 2.5, "rsc": -12.5, "page": 259.0, "is10500_exceedances": "hardness", "n_params_tested": 6, "irrigation_class_e": "fail", "source_agency": "CGWB", "sample_period": "compiled 2019-20 (NAQUIM), no per-sample date published"}}, {"type": "Feature", "geometry": {"type": "Point", "coordinates": [79.1947, 21.3653]}, "properties": {"sr": "17", "taluka": "Parseoni", "site": "Nayakund Dugwell 1", "aquifer": "deep", "ph": 7.8, "ec": 1232.0, "tds": 800.8, "th": 465.0, "ca": 100.0, "mg": 52.3, "na": 66.7, "k": 5.1, "hco3": 335.6, "cl": 159.5, "so4": 76.8, "no3": 43.4, "f": 0.67, "sar": 1.34, "rsc": -3.8, "page": 259.0, "is10500_exceedances": "", "n_params_tested": 6, "irrigation_class_e": "pass", "source_agency": "CGWB", "sample_period": "compiled 2019-20 (NAQUIM), no per-sample date published"}}, {"type": "Feature", "geometry": {"type": "Point", "coordinates": [79.2011, 21.3667]}, "properties": {"sr": "18", "taluka": "Parseoni", "site": "Nayakund Dugwell 2", "aquifer": "deep", "ph": 7.9, "ec": 690.0, "tds": 448.5, "th": 210.0, "ca": 30.0, "mg": 32.8, "na": 59.8, "k": 3.9, "hco3": 274.6, "cl": 35.5, "so4": 57.6, "no3": 13.02, "f": 0.7, "sar": 1.79, "rsc": 0.3, "page": 259.0, "is10500_exceedances": "", "n_params_tested": 6, "irrigation_class_e": "pass", "source_agency": "CGWB", "sample_period": "compiled 2019-20 (NAQUIM), no per-sample date published"}}, {"type": "Feature", "geometry": {"type": "Point", "coordinates": [79.1961, 21.3694]}, "properties": {"sr": "19", "taluka": "Parseoni", "site": "Nayakund HandPump", "aquifer": "deep", "ph": 7.4, "ec": 752.0, "tds": 488.8, "th": 300.0, "ca": 70.0, "mg": 30.4, "na": 29.9, "k": 7.8, "hco3": 305.1, "cl": 49.6, "so4": 28.8, "no3": 31.0, "f": 0.8, "sar": 0.75, "rsc": -1.0, "page": 260.0, "is10500_exceedances": "", "n_params_tested": 6, "irrigation_class_e": "pass", "source_agency": "CGWB", "sample_period": "compiled 2019-20 (NAQUIM), no per-sample date published"}}, {"type": "Feature", "geometry": {"type": "Point", "coordinates": [79.2836, 21.1375]}, "properties": {"sr": "20", "taluka": "Kamptee", "site": "GumthalaDu gwell 1", "aquifer": "deep", "ph": 7.6, "ec": 753.0, "tds": 489.5, "th": 250.0, "ca": 30.0, "mg": 42.5, "na": 52.9, "k": 7.8, "hco3": 280.7, "cl": 70.9, "so4": 14.4, "no3": 38.44, "f": 0.42, "sar": 1.45, "rsc": -0.4, "page": 260.0, "is10500_exceedances": "", "n_params_tested": 6, "irrigation_class_e": "pass", "source_agency": "CGWB", "sample_period": "compiled 2019-20 (NAQUIM), no per-sample date published"}}, {"type": "Feature", "geometry": {"type": "Point", "coordinates": [79.2856, 21.1406]}, "properties": {"sr": "21", "taluka": "Kamptee", "site": "GumthalaDu gwell 2", "aquifer": "deep", "ph": 7.6, "ec": 949.0, "tds": 616.9, "th": 290.0, "ca": 66.0, "mg": 30.4, "na": 80.5, "k": 3.9, "hco3": 439.3, "cl": 35.5, "so4": 33.6, "no3": 31.0, "f": 0.44, "sar": 2.06, "rsc": 1.4, "page": 260.0, "is10500_exceedances": "", "n_params_tested": 6, "irrigation_class_e": "pass", "source_agency": "CGWB", "sample_period": "compiled 2019-20 (NAQUIM), no per-sample date published"}}, {"type": "Feature", "geometry": {"type": "Point", "coordinates": [78.7753, 21.4306]}, "properties": {"sr": "22", "taluka": "Saoner", "site": "Nandagomu khDugwell 1", "aquifer": "deep", "ph": 7.8, "ec": 365.0, "tds": 237.3, "th": 125.0, "ca": 20.0, "mg": 18.2, "na": 25.3, "k": 2.0, "hco3": 122.0, "cl": 35.5, "so4": 14.4, "no3": 24.8, "f": 0.33, "sar": 0.98, "rsc": -0.5, "page": 260.0, "is10500_exceedances": "", "n_params_tested": 6, "irrigation_class_e": "pass", "source_agency": "CGWB", "sample_period": "compiled 2019-20 (NAQUIM), no per-sample date published"}}, {"type": "Feature", "geometry": {"type": "Point", "coordinates": [78.77, 21.4211]}, "properties": {"sr": "23", "taluka": "Saoner", "site": "Nandagomu khDugwell 2", "aquifer": "deep", "ph": 7.3, "ec": 1320.0, "tds": 858.0, "th": 500.0, "ca": 20.0, "mg": 109.4, "na": 71.3, "k": 3.9, "hco3": 335.6, "cl": 212.7, "so4": 43.2, "no3": 49.6, "f": 0.27, "sar": 1.39, "rsc": -4.5, "page": 260.0, "is10500_exceedances": "nitrate", "n_params_tested": 6, "irrigation_class_e": "pass", "source_agency": "CGWB", "sample_period": "compiled 2019-20 (NAQUIM), no per-sample date published"}}, {"type": "Feature", "geometry": {"type": "Point", "coordinates": [78.7694, 21.4175]}, "properties": {"sr": "24", "taluka": "Saoner", "site": "Nandagomu khHandPum p", "aquifer": "deep", "ph": 7.6, "ec": 1151.0, "tds": 748.2, "th": 450.0, "ca": 24.0, "mg": 94.8, "na": 46.0, "k": 4.7, "hco3": 305.1, "cl": 184.3, "so4": 25.0, "no3": 24.8, "f": 0.4, "sar": 0.94, "rsc": -4.0, "page": 260.0, "is10500_exceedances": "", "n_params_tested": 6, "irrigation_class_e": "pass", "source_agency": "CGWB", "sample_period": "compiled 2019-20 (NAQUIM), no per-sample date published"}}, {"type": "Feature", "geometry": {"type": "Point", "coordinates": [79.2587, 20.7515]}, "properties": {"sr": "25", "taluka": "Bhiwapur", "site": "Mandawa", "aquifer": "deep", "ph": 8.1, "ec": 458.0, "tds": 297.7, "th": 120.0, "ca": 38.076, "mg": 6.1, "na": 2.0, "k": 0.9, "hco3": 189.2, "cl": 35.5, "so4": 190.1, "no3": 23.0, "f": 0.29, "sar": 0.08, "rsc": 0.7, "page": 260.0, "is10500_exceedances": "", "n_params_tested": 6, "irrigation_class_e": "pass", "source_agency": "CGWB", "sample_period": "compiled 2019-20 (NAQUIM), no per-sample date published"}}, {"type": "Feature", "geometry": {"type": "Point", "coordinates": [78.9331, 21.0977]}, "properties": {"sr": "26", "taluka": "Hingna", "site": "khairi Pannase", "aquifer": "deep", "ph": 7.5, "ec": 1162.0, "tds": 755.3, "th": 230.0, "ca": 56.112, "mg": 21.9, "na": 6.9, "k": 0.2, "hco3": 146.4, "cl": 262.3, "so4": 460.3, "no3": 83.0, "f": 0.14, "sar": 0.2, "rsc": -2.2, "page": 260.0, "is10500_exceedances": "nitrate", "n_params_tested": 6, "irrigation_class_e": "pass", "source_agency": "CGWB", "sample_period": "compiled 2019-20 (NAQUIM), no per-sample date published"}}, {"type": "Feature", "geometry": {"type": "Point", "coordinates": [79.4444, 21.0497]}, "properties": {"sr": "27", "taluka": "Kuhi", "site": "Salwa", "aquifer": "deep", "ph": 7.7, "ec": 765.0, "tds": 497.3, "th": 105.0, "ca": 28.056, "mg": 8.5, "na": 5.0, "k": 0.6, "hco3": 366.1, "cl": 28.4, "so4": 110.1, "no3": 11.0, "f": 1.3, "sar": 0.21, "rsc": 3.9, "page": 260.0, "is10500_exceedances": "", "n_params_tested": 6, "irrigation_class_e": "pass", "source_agency": "CGWB", "sample_period": "compiled 2019-20 (NAQUIM), no per-sample date published"}}, {"type": "Feature", "geometry": {"type": "Point", "coordinates": [79.4521, 20.9977]}, "properties": {"sr": "28", "taluka": "Kuhi", "site": "ADAM", "aquifer": "deep", "ph": 7.3, "ec": 1935.0, "tds": 1258.0, "th": 264.0, "ca": null, "mg": null, "na": null, "k": null, "hco3": null, "cl": 224.0, "so4": 148.0, "no3": 9.0, "f": 0.89, "sar": 0.0, "rsc": 0.0, "page": 260.0, "is10500_exceedances": "", "n_params_tested": 6, "irrigation_class_e": "pass", "source_agency": "CGWB", "sample_period": "compiled 2019-20 (NAQUIM), no per-sample date published"}}, {"type": "Feature", "geometry": {"type": "Point", "coordinates": [79.5158, 20.803]}, "properties": {"sr": "29", "taluka": "Bhiwapur", "site": "ADYAL (PU)", "aquifer": "deep", "ph": 7.9, "ec": 723.0, "tds": 470.0, "th": 188.0, "ca": null, "mg": null, "na": null, "k": null, "hco3": null, "cl": 30.0, "so4": 32.0, "no3": 2.0, "f": 0.84, "sar": 0.0, "rsc": 0.0, "page": 260.0, "is10500_exceedances": "", "n_params_tested": 6, "irrigation_class_e": "pass", "source_agency": "CGWB", "sample_period": "compiled 2019-20 (NAQUIM), no per-sample date published"}}, {"type": "Feature", "geometry": {"type": "Point", "coordinates": [79.4494, 21.3228]}, "properties": {"sr": "30", "taluka": "Mauda", "site": "AROLI", "aquifer": "deep", "ph": 7.16, "ec": 512.0, "tds": 333.0, "th": 200.0, "ca": null, "mg": null, "na": null, "k": null, "hco3": null, "cl": 52.0, "so4": 9.0, "no3": 12.0, "f": 0.52, "sar": 0.0, "rsc": 0.0, "page": 260.0, "is10500_exceedances": "", "n_params_tested": 6, "irrigation_class_e": "pass", "source_agency": "CGWB", "sample_period": "compiled 2019-20 (NAQUIM), no per-sample date published"}}, {"type": "Feature", "geometry": {"type": "Point", "coordinates": [79.0367, 21.1694]}, "properties": {"sr": "31", "taluka": "Mauda", "site": "AROLI", "aquifer": "deep", "ph": 7.28, "ec": 586.0, "tds": 381.0, "th": 236.0, "ca": null, "mg": null, "na": null, "k": null, "hco3": null, "cl": 54.0, "so4": 56.0, "no3": 3.0, "f": 0.62, "sar": 0.0, "rsc": 0.0, "page": 260.0, "is10500_exceedances": "", "n_params_tested": 6, "irrigation_class_e": "pass", "source_agency": "CGWB", "sample_period": "compiled 2019-20 (NAQUIM), no per-sample date published"}}, {"type": "Feature", "geometry": {"type": "Point", "coordinates": [79.266, 20.6936]}, "properties": {"sr": "32", "taluka": "Bhiwapur", "site": "BESUR", "aquifer": "deep", "ph": 8.4, "ec": 1678.0, "tds": 1091.0, "th": 244.0, "ca": null, "mg": null, "na": null, "k": null, "hco3": null, "cl": 216.0, "so4": 92.0, "no3": 9.0, "f": 2.0, "sar": 0.0, "rsc": 0.0, "page": 260.0, "is10500_exceedances": "fluoride", "n_params_tested": 6, "irrigation_class_e": "pass", "source_agency": "CGWB", "sample_period": "compiled 2019-20 (NAQUIM), no per-sample date published"}}, {"type": "Feature", "geometry": {"type": "Point", "coordinates": [78.725, 21.0458]}, "properties": {"sr": "33", "taluka": "Bhiwapur", "site": "BESUR", "aquifer": "deep", "ph": 8.3, "ec": 3020.0, "tds": 1963.0, "th": 402.0, "ca": null, "mg": null, "na": null, "k": null, "hco3": null, "cl": 350.0, "so4": 300.0, "no3": 15.0, "f": 1.0, "sar": 0.0, "rsc": 0.0, "page": 260.0, "is10500_exceedances": "", "n_params_tested": 6, "irrigation_class_e": "fail", "source_agency": "CGWB", "sample_period": "compiled 2019-20 (NAQUIM), no per-sample date published"}}, {"type": "Feature", "geometry": {"type": "Point", "coordinates": [79.3372, 21.2831]}, "properties": {"sr": "34", "taluka": "Mauda", "site": "CHACHER", "aquifer": "deep", "ph": 7.52, "ec": 2160.0, "tds": 1404.0, "th": 359.0, "ca": null, "mg": null, "na": null, "k": null, "hco3": null, "cl": 308.0, "so4": 198.0, "no3": 114.0, "f": 0.65, "sar": 0.0, "rsc": 0.0, "page": 260.0, "is10500_exceedances": "nitrate", "n_params_tested": 6, "irrigation_class_e": "pass", "source_agency": "CGWB", "sample_period": "compiled 2019-20 (NAQUIM), no per-sample date published"}}, {"type": "Feature", "geometry": {"type": "Point", "coordinates": [79.1675, 21.0861]}, "properties": {"sr": "35", "taluka": "Mauda", "site": "CHACHER", "aquifer": "deep", "ph": 8.19, "ec": 2265.0, "tds": 1472.0, "th": 460.0, "ca": null, "mg": null, "na": null, "k": null, "hco3": null, "cl": 264.0, "so4": 120.0, "no3": 286.0, "f": 1.46, "sar": 0.0, "rsc": 0.0, "page": 260.0, "is10500_exceedances": "nitrate", "n_params_tested": 6, "irrigation_class_e": "fail", "source_agency": "CGWB", "sample_period": "compiled 2019-20 (NAQUIM), no per-sample date published"}}, {"type": "Feature", "geometry": {"type": "Point", "coordinates": [78.8686, 21.2394]}, "properties": {"sr": "36", "taluka": "Hingna", "site": "KANHOLIBA", "aquifer": "deep", "ph": 8.4, "ec": 115.0, "tds": 753.0, "th": 238.0, "ca": null, "mg": null, "na": null, "k": null, "hco3": null, "cl": 82.0, "so4": 46.0, "no3": 6.0, "f": 0.03, "sar": null, "rsc": 0.0, "page": 260.0, "is10500_exceedances": "", "n_params_tested": 6, "irrigation_class_e": "pass", "source_agency": "CGWB", "sample_period": "compiled 2019-20 (NAQUIM), no per-sample date published"}}, {"type": "Feature", "geometry": {"type": "Point", "coordinates": [78.8792, 21.4633]}, "properties": {"sr": "37", "taluka": "Saoner", "site": "KELWAD", "aquifer": "deep", "ph": 7.42, "ec": 678.0, "tds": 441.0, "th": 313.0, "ca": null, "mg": null, "na": null, "k": null, "hco3": null, "cl": 54.0, "so4": 18.0, "no3": 16.0, "f": 0.91, "sar": 0.0, "rsc": 0.0, "page": 261.0, "is10500_exceedances": "", "n_params_tested": 6, "irrigation_class_e": "pass", "source_agency": "CGWB", "sample_period": "compiled 2019-20 (NAQUIM), no per-sample date published"}}, {"type": "Feature", "geometry": {"type": "Point", "coordinates": [79.325, 20.85]}, "properties": {"sr": "38", "taluka": "Saoner", "site": "KELWAD", "aquifer": "deep", "ph": 7.48, "ec": 803.0, "tds": 522.0, "th": 338.0, "ca": null, "mg": null, "na": null, "k": null, "hco3": null, "cl": 54.0, "so4": 22.0, "no3": 31.0, "f": 1.03, "sar": 0.0, "rsc": 0.0, "page": 261.0, "is10500_exceedances": "", "n_params_tested": 6, "irrigation_class_e": "pass", "source_agency": "CGWB", "sample_period": "compiled 2019-20 (NAQUIM), no per-sample date published"}}, {"type": "Feature", "geometry": {"type": "Point", "coordinates": [78.8389, 21.2825]}, "properties": {"sr": "39", "taluka": "Nagpur (R)", "site": "WATHODA", "aquifer": "deep", "ph": 8.48, "ec": 1258.0, "tds": 818.0, "th": 372.0, "ca": null, "mg": null, "na": null, "k": null, "hco3": null, "cl": 112.0, "so4": 35.0, "no3": 49.0, "f": 0.43, "sar": 0.0, "rsc": 0.0, "page": 261.0, "is10500_exceedances": "nitrate", "n_params_tested": 6, "irrigation_class_e": "pass", "source_agency": "CGWB", "sample_period": "compiled 2019-20 (NAQUIM), no per-sample date published"}}, {"type": "Feature", "geometry": {"type": "Point", "coordinates": [79.45, 21.1597]}, "properties": {"sr": "40", "taluka": "Kuhi", "site": "WELTUR", "aquifer": "deep", "ph": 7.9, "ec": 1243.0, "tds": 808.0, "th": 124.0, "ca": null, "mg": null, "na": null, "k": null, "hco3": null, "cl": 128.0, "so4": 92.0, "no3": 65.0, "f": 0.69, "sar": 0.0, "rsc": 0.0, "page": 261.0, "is10500_exceedances": "nitrate", "n_params_tested": 6, "irrigation_class_e": "pass", "source_agency": "CGWB", "sample_period": "compiled 2019-20 (NAQUIM), no per-sample date published"}}, {"type": "Feature", "geometry": {"type": "Point", "coordinates": [78.9917, 21.0194]}, "properties": {"sr": "41", "taluka": "Bhiwapur", "site": "ZAMKOLI", "aquifer": "deep", "ph": 8.7, "ec": 1469.0, "tds": 955.0, "th": 324.0, "ca": null, "mg": null, "na": null, "k": null, "hco3": null, "cl": 220.0, "so4": 126.0, "no3": 170.0, "f": 0.85, "sar": 0.0, "rsc": 0.0, "page": 261.0, "is10500_exceedances": "nitrate", "n_params_tested": 6, "irrigation_class_e": "fail", "source_agency": "CGWB", "sample_period": "compiled 2019-20 (NAQUIM), no per-sample date published"}}, {"type": "Feature", "geometry": {"type": "Point", "coordinates": [79.1675, 21.0861]}, "properties": {"sr": "42", "taluka": "Nagpur (R)", "site": "BAHADURA", "aquifer": "deep", "ph": 8.16, "ec": 2353.0, "tds": 1530.0, "th": 676.0, "ca": null, "mg": null, "na": null, "k": null, "hco3": null, "cl": 254.0, "so4": 75.0, "no3": 102.0, "f": 0.66, "sar": 0.0, "rsc": 0.0, "page": 261.0, "is10500_exceedances": "nitrate|hardness", "n_params_tested": 6, "irrigation_class_e": "fail", "source_agency": "CGWB", "sample_period": "compiled 2019-20 (NAQUIM), no per-sample date published"}}, {"type": "Feature", "geometry": {"type": "Point", "coordinates": [78.5644, 21.2269]}, "properties": {"sr": "43", "taluka": "Katol", "site": "Ladgaon Ow-I", "aquifer": "deep", "ph": 7.8, "ec": 885.0, "tds": 575.0, "th": 410.0, "ca": 86.0, "mg": 47.0, "na": 41.0, "k": 3.3, "hco3": 244.0, "cl": 89.0, "so4": 104.0, "no3": 51.0, "f": 0.24, "sar": 0.88, "rsc": -4.17, "page": 261.0, "is10500_exceedances": "nitrate", "n_params_tested": 6, "irrigation_class_e": "pass", "source_agency": "CGWB", "sample_period": "compiled 2019-20 (NAQUIM), no per-sample date published"}}, {"type": "Feature", "geometry": {"type": "Point", "coordinates": [78.7071, 21.2073]}, "properties": {"sr": "44", "taluka": "Katol", "site": "Maragsur- EW", "aquifer": "deep", "ph": 7.9, "ec": 772.0, "tds": 502.0, "th": 220.0, "ca": 38.0, "mg": 30.0, "na": 63.0, "k": 47.5, "hco3": 79.0, "cl": 121.0, "so4": 173.0, "no3": 48.0, "f": 0.2, "sar": 1.85, "rsc": -3.07, "page": 261.0, "is10500_exceedances": "nitrate", "n_params_tested": 6, "irrigation_class_e": "pass", "source_agency": "CGWB", "sample_period": "compiled 2019-20 (NAQUIM), no per-sample date published"}}, {"type": "Feature", "geometry": {"type": "Point", "coordinates": [78.5644, 21.2269]}, "properties": {"sr": "45", "taluka": "Katol", "site": "Ladgaon Ew- I", "aquifer": "deep", "ph": 7.5, "ec": 621.0, "tds": 404.0, "th": 90.0, "ca": 26.0, "mg": 6.0, "na": 109.0, "k": 1.7, "hco3": 207.0, "cl": 71.0, "so4": 62.0, "no3": 33.0, "f": 1.87, "sar": 5.0, "rsc": 1.6, "page": 261.0, "is10500_exceedances": "fluoride", "n_params_tested": 6, "irrigation_class_e": "pass", "source_agency": "CGWB", "sample_period": "compiled 2019-20 (NAQUIM), no per-sample date published"}}, {"type": "Feature", "geometry": {"type": "Point", "coordinates": [78.5467, 21.2942]}, "properties": {"sr": "46", "taluka": "Katol", "site": "Khangaon Z- I Ow", "aquifer": "deep", "ph": 7.6, "ec": 523.0, "tds": 340.0, "th": 220.0, "ca": 62.0, "mg": 16.0, "na": 44.0, "k": 8.4, "hco3": 275.0, "cl": 43.0, "so4": 45.0, "no3": 24.0, "f": 0.66, "sar": 1.29, "rsc": 0.09, "page": 261.0, "is10500_exceedances": "", "n_params_tested": 6, "irrigation_class_e": "pass", "source_agency": "CGWB", "sample_period": "compiled 2019-20 (NAQUIM), no per-sample date published"}}, {"type": "Feature", "geometry": {"type": "Point", "coordinates": [78.7, 21.2583]}, "properties": {"sr": "47", "taluka": "Katol", "site": "Metpanjra- EW", "aquifer": "deep", "ph": 7.9, "ec": 979.0, "tds": 636.0, "th": 100.0, "ca": 34.0, "mg": 4.0, "na": 188.0, "k": 0.9, "hco3": 43.0, "cl": 216.0, "so4": 203.0, "no3": 16.0, "f": 0.39, "sar": 8.11, "rsc": -1.32, "page": 261.0, "is10500_exceedances": "", "n_params_tested": 6, "irrigation_class_e": "pass", "source_agency": "CGWB", "sample_period": "compiled 2019-20 (NAQUIM), no per-sample date published"}}, {"type": "Feature", "geometry": {"type": "Point", "coordinates": [78.5381, 21.3381]}, "properties": {"sr": "48", "taluka": "Katol", "site": "Narkhed PZ", "aquifer": "deep", "ph": 7.8, "ec": 697.0, "tds": 439.1, "th": 255.0, "ca": 32.064, "mg": 42.5, "na": 7.6, "k": 0.4, "hco3": 158.6, "cl": 46.1, "so4": 78.0, "no3": 12.0, "f": 1.04, "sar": 0.21, "rsc": -2.5, "page": 261.0, "is10500_exceedances": "", "n_params_tested": 6, "irrigation_class_e": "pass", "source_agency": "CGWB", "sample_period": "compiled 2019-20 (NAQUIM), no per-sample date published"}}, {"type": "Feature", "geometry": {"type": "Point", "coordinates": [78.5467, 21.2942]}, "properties": {"sr": "49", "taluka": "Katol", "site": "Khangaon Ew", "aquifer": "deep", "ph": 7.1, "ec": 1183.0, "tds": 769.0, "th": 235.0, "ca": 86.0, "mg": 5.0, "na": 192.0, "k": 5.5, "hco3": 165.0, "cl": 163.0, "so4": 323.0, "no3": 11.0, "f": 0.94, "sar": 5.44, "rsc": -2.01, "page": 261.0, "is10500_exceedances": "", "n_params_tested": 6, "irrigation_class_e": "pass", "source_agency": "CGWB", "sample_period": "compiled 2019-20 (NAQUIM), no per-sample date published"}}, {"type": "Feature", "geometry": {"type": "Point", "coordinates": [78.7833, 21.2667]}, "properties": {"sr": "50", "taluka": "Katol", "site": "Dorli-OW", "aquifer": "deep", "ph": 8.3, "ec": 1160.0, "tds": 725.0, "th": 70.0, "ca": 26.0, "mg": 1.2, "na": 235.0, "k": 2.0, "hco3": 128.0, "cl": 170.0, "so4": 225.0, "no3": 1.4, "f": null, "sar": 12.22, "rsc": 0.7, "page": 261.0, "is10500_exceedances": "", "n_params_tested": 5, "irrigation_class_e": "pass", "source_agency": "CGWB", "sample_period": "compiled 2019-20 (NAQUIM), no per-sample date published"}}, {"type": "Feature", "geometry": {"type": "Point", "coordinates": [78.4044, 21.26]}, "properties": {"sr": "51", "taluka": "Narkhed", "site": "Lohari Sawanga- PYT", "aquifer": "deep", "ph": 8.1, "ec": 700.0, "tds": null, "th": 60.0, "ca": 12.0, "mg": 7.3, "na": null, "k": null, "hco3": 213.5, "cl": 99.3, "so4": null, "no3": null, "f": 1.0, "sar": 0.0, "rsc": 2.3, "page": 261.0, "is10500_exceedances": "", "n_params_tested": 4, "irrigation_class_e": "pass", "source_agency": "CGWB", "sample_period": "compiled 2019-20 (NAQUIM), no per-sample date published"}}, {"type": "Feature", "geometry": {"type": "Point", "coordinates": [78.6342, 21.4008]}, "properties": {"sr": "52", "taluka": "Narkhed", "site": "Sawargaon Ew", "aquifer": "deep", "ph": 7.5, "ec": 829.0, "tds": 539.0, "th": 335.0, "ca": 96.0, "mg": 23.0, "na": 71.0, "k": 2.2, "hco3": 207.0, "cl": 89.0, "so4": 192.0, "no3": 51.0, "f": 0.17, "sar": 1.69, "rsc": -3.3, "page": 261.0, "is10500_exceedances": "nitrate", "n_params_tested": 6, "irrigation_class_e": "pass", "source_agency": "CGWB", "sample_period": "compiled 2019-20 (NAQUIM), no per-sample date published"}}, {"type": "Feature", "geometry": {"type": "Point", "coordinates": [78.5822, 21.4394]}, "properties": {"sr": "53", "taluka": "Narkhed", "site": "Koni Ew", "aquifer": "deep", "ph": 7.9, "ec": 772.0, "tds": 502.0, "th": 220.0, "ca": 38.0, "mg": 30.0, "na": 63.0, "k": 47.5, "hco3": 79.0, "cl": 121.0, "so4": 173.0, "no3": 48.0, "f": 0.2, "sar": 1.85, "rsc": -3.07, "page": 261.0, "is10500_exceedances": "nitrate", "n_params_tested": 6, "irrigation_class_e": "pass", "source_agency": "CGWB", "sample_period": "compiled 2019-20 (NAQUIM), no per-sample date published"}}, {"type": "Feature", "geometry": {"type": "Point", "coordinates": [78.4997, 21.4969]}, "properties": {"sr": "54", "taluka": "Narkhed", "site": "Manikwada Z-III Ew", "aquifer": "deep", "ph": 8.0, "ec": 450.0, "tds": 293.0, "th": 155.0, "ca": 48.0, "mg": 9.0, "na": 46.0, "k": 2.1, "hco3": 183.0, "cl": 32.0, "so4": 51.0, "no3": 48.0, "f": 0.2, "sar": 1.6, "rsc": -0.14, "page": 262.0, "is10500_exceedances": "nitrate", "n_params_tested": 6, "irrigation_class_e": "pass", "source_agency": "CGWB", "sample_period": "compiled 2019-20 (NAQUIM), no per-sample date published"}}, {"type": "Feature", "geometry": {"type": "Point", "coordinates": [78.4997, 21.4969]}, "properties": {"sr": "55", "taluka": "Narkhed", "site": "Manikwada Z-II Ew", "aquifer": "deep", "ph": 7.8, "ec": 400.0, "tds": 260.0, "th": 150.0, "ca": 52.0, "mg": 5.0, "na": 37.0, "k": 1.2, "hco3": 153.0, "cl": 32.0, "so4": 43.0, "no3": 47.0, "f": 0.17, "sar": 1.31, "rsc": -0.5, "page": 262.0, "is10500_exceedances": "nitrate", "n_params_tested": 6, "irrigation_class_e": "pass", "source_agency": "CGWB", "sample_period": "compiled 2019-20 (NAQUIM), no per-sample date published"}}, {"type": "Feature", "geometry": {"type": "Point", "coordinates": [78.4367, 21.3381]}, "properties": {"sr": "56", "taluka": "Narkhed", "site": "Jamgaon Kh.-EW", "aquifer": "deep", "ph": 7.3, "ec": 980.0, "tds": null, "th": 365.0, "ca": 68.0, "mg": 47.4, "na": null, "k": null, "hco3": 274.5, "cl": 67.4, "so4": null, "no3": 46.32, "f": 0.55, "sar": 0.0, "rsc": -2.8, "page": 262.0, "is10500_exceedances": "nitrate", "n_params_tested": 5, "irrigation_class_e": "pass", "source_agency": "CGWB", "sample_period": "compiled 2019-20 (NAQUIM), no per-sample date published"}}, {"type": "Feature", "geometry": {"type": "Point", "coordinates": [78.4997, 21.4969]}, "properties": {"sr": "57", "taluka": "Narkhed", "site": "Manikwada Ew PYT", "aquifer": "deep", "ph": 8.0, "ec": 402.0, "tds": 261.0, "th": 180.0, "ca": 40.0, "mg": 19.0, "na": 25.0, "k": 1.0, "hco3": 201.0, "cl": 25.0, "so4": 24.0, "no3": 45.0, "f": 0.24, "sar": 0.81, "rsc": -0.27, "page": 262.0, "is10500_exceedances": "", "n_params_tested": 6, "irrigation_class_e": "pass", "source_agency": "CGWB", "sample_period": "compiled 2019-20 (NAQUIM), no per-sample date published"}}, {"type": "Feature", "geometry": {"type": "Point", "coordinates": [78.5292, 21.4722]}, "properties": {"sr": "58", "taluka": "Narkhed", "site": "Narkhed- OW", "aquifer": "deep", "ph": 7.9, "ec": 1426.0, "tds": 898.4, "th": 470.0, "ca": 64.128, "mg": 75.3, "na": 17.1, "k": 0.1, "hco3": 225.7, "cl": 212.7, "so4": 42.0, "no3": 44.0, "f": 0.33, "sar": 0.34, "rsc": -5.71, "page": 262.0, "is10500_exceedances": "", "n_params_tested": 6, "irrigation_class_e": "pass", "source_agency": "CGWB", "sample_period": "compiled 2019-20 (NAQUIM), no per-sample date published"}}, {"type": "Feature", "geometry": {"type": "Point", "coordinates": [78.4997, 21.4969]}, "properties": {"sr": "59", "taluka": "Narkhed", "site": "Manikwada Z-I Ew", "aquifer": "deep", "ph": 8.0, "ec": 350.0, "tds": 228.0, "th": 130.0, "ca": 32.0, "mg": 12.0, "na": 36.0, "k": 1.7, "hco3": 92.0, "cl": 32.0, "so4": 42.0, "no3": 38.0, "f": 0.21, "sar": 1.38, "rsc": -1.08, "page": 262.0, "is10500_exceedances": "", "n_params_tested": 6, "irrigation_class_e": "pass", "source_agency": "CGWB", "sample_period": "compiled 2019-20 (NAQUIM), no per-sample date published"}}, {"type": "Feature", "geometry": {"type": "Point", "coordinates": [78.3486, 21.2694]}, "properties": {"sr": "60", "taluka": "Narkhed", "site": "Arambhi-EW", "aquifer": "deep", "ph": 7.5, "ec": 700.0, "tds": null, "th": 75.0, "ca": 20.0, "mg": 6.1, "na": 110.0, "k": 25.0, "hco3": 103.7, "cl": 127.7, "so4": 55.0, "no3": 32.0, "f": 0.45, "sar": 5.52, "rsc": 0.2, "page": 262.0, "is10500_exceedances": "", "n_params_tested": 5, "irrigation_class_e": "pass", "source_agency": "CGWB", "sample_period": "compiled 2019-20 (NAQUIM), no per-sample date published"}}, {"type": "Feature", "geometry": {"type": "Point", "coordinates": [78.3486, 21.2694]}, "properties": {"sr": "61", "taluka": "Narkhed", "site": "Arambhi", "aquifer": "deep", "ph": 8.1, "ec": 670.0, "tds": null, "th": 90.0, "ca": 14.0, "mg": 13.4, "na": null, "k": null, "hco3": 244.0, "cl": 81.5, "so4": null, "no3": 24.3, "f": 1.0, "sar": 0.0, "rsc": 2.2, "page": 262.0, "is10500_exceedances": "", "n_params_tested": 5, "irrigation_class_e": "pass", "source_agency": "CGWB", "sample_period": "compiled 2019-20 (NAQUIM), no per-sample date published"}}, {"type": "Feature", "geometry": {"type": "Point", "coordinates": [78.4367, 21.3381]}, "properties": {"sr": "62", "taluka": "Narkhed", "site": "Jamgaon Kh.-EW PYT", "aquifer": "deep", "ph": 8.7, "ec": 1160.0, "tds": null, "th": 160.0, "ca": 38.0, "mg": 15.8, "na": null, "k": null, "hco3": 170.8, "cl": 109.9, "so4": null, "no3": 20.6, "f": 0.55, "sar": 0.0, "rsc": 0.8, "page": 262.0, "is10500_exceedances": "", "n_params_tested": 5, "irrigation_class_e": "fail", "source_agency": "CGWB", "sample_period": "compiled 2019-20 (NAQUIM), no per-sample date published"}}, {"type": "Feature", "geometry": {"type": "Point", "coordinates": [78.3486, 21.2694]}, "properties": {"sr": "63", "taluka": "Narkhed", "site": "Arambhi", "aquifer": "deep", "ph": 7.8, "ec": 640.0, "tds": null, "th": 75.0, "ca": 10.0, "mg": 12.2, "na": null, "k": null, "hco3": 237.9, "cl": 81.5, "so4": null, "no3": 20.0, "f": 0.99, "sar": 0.0, "rsc": 2.4, "page": 262.0, "is10500_exceedances": "", "n_params_tested": 5, "irrigation_class_e": "pass", "source_agency": "CGWB", "sample_period": "compiled 2019-20 (NAQUIM), no per-sample date published"}}, {"type": "Feature", "geometry": {"type": "Point", "coordinates": [78.6444, 21.4589]}, "properties": {"sr": "64", "taluka": "Narkhed", "site": "Khedi Ew", "aquifer": "deep", "ph": 7.9, "ec": 979.0, "tds": 636.0, "th": 100.0, "ca": 34.0, "mg": 4.0, "na": 188.0, "k": 0.9, "hco3": 43.0, "cl": 216.0, "so4": 203.0, "no3": 16.0, "f": 0.39, "sar": 8.11, "rsc": -1.32, "page": 262.0, "is10500_exceedances": "", "n_params_tested": 6, "irrigation_class_e": "pass", "source_agency": "CGWB", "sample_period": "compiled 2019-20 (NAQUIM), no per-sample date published"}}, {"type": "Feature", "geometry": {"type": "Point", "coordinates": [78.3486, 21.2694]}, "properties": {"sr": "65", "taluka": "Narkhed", "site": "Arambhi-EW", "aquifer": "deep", "ph": 6.85, "ec": 1830.0, "tds": null, "th": 545.0, "ca": 106.212, "mg": 68.1, "na": 150.2, "k": 32.0, "hco3": 274.5, "cl": 205.6, "so4": 374.4, "no3": 7.8, "f": 0.13, "sar": 2.8, "rsc": -6.41, "page": 262.0, "is10500_exceedances": "", "n_params_tested": 5, "irrigation_class_e": "pass", "source_agency": "CGWB", "sample_period": "compiled 2019-20 (NAQUIM), no per-sample date published"}}, {"type": "Feature", "geometry": {"type": "Point", "coordinates": [78.4903, 21.4033]}, "properties": {"sr": "66", "taluka": "Narkhed", "site": "Tinkheda- EW PYT", "aquifer": "deep", "ph": 7.24, "ec": 961.0, "tds": null, "th": 215.0, "ca": 46.092, "mg": 24.3, "na": 116.7, "k": 2.4, "hco3": 201.3, "cl": 124.1, "so4": 122.4, "no3": 2.55, "f": 0.3, "sar": 3.46, "rsc": -1.0, "page": 262.0, "is10500_exceedances": "", "n_params_tested": 5, "irrigation_class_e": "pass", "source_agency": "CGWB", "sample_period": "compiled 2019-20 (NAQUIM), no per-sample date published"}}, {"type": "Feature", "geometry": {"type": "Point", "coordinates": [78.4864, 21.4833]}, "properties": {"sr": "67", "taluka": "Narkhed", "site": "Belona-EW PYT", "aquifer": "deep", "ph": 7.32, "ec": 630.0, "tds": null, "th": 140.0, "ca": 38.076, "mg": 10.9, "na": 88.9, "k": 0.7, "hco3": 286.7, "cl": 42.5, "so4": 36.0, "no3": 0.75, "f": 0.93, "sar": 3.26, "rsc": 1.9, "page": 262.0, "is10500_exceedances": "", "n_params_tested": 5, "irrigation_class_e": "pass", "source_agency": "CGWB", "sample_period": "compiled 2019-20 (NAQUIM), no per-sample date published"}}, {"type": "Feature", "geometry": {"type": "Point", "coordinates": [78.3986, 21.3472]}, "properties": {"sr": "68", "taluka": "Narkhed", "site": "Wadvihra- EW", "aquifer": "deep", "ph": 7.5, "ec": 750.0, "tds": 0.0, "th": 135.0, "ca": 24.0, "mg": 9.0, "na": 0.0, "k": 0.0, "hco3": 140.0, "cl": 136.0, "so4": 0.0, "no3": 0.0, "f": null, "sar": 0.0, "rsc": 0.35, "page": 262.0, "is10500_exceedances": "", "n_params_tested": 5, "irrigation_class_e": "pass", "source_agency": "CGWB", "sample_period": "compiled 2019-20 (NAQUIM), no per-sample date published"}}, {"type": "Feature", "geometry": {"type": "Point", "coordinates": [78.7225, 21.2723]}, "properties": {"sr": "69", "taluka": "Katol", "site": "Sonkhamb", "aquifer": "deep", "ph": 8.3, "ec": 857.0, "tds": 105.0, "th": 400.0, "ca": 26.0, "mg": 81.0, "na": 16.0, "k": 0.2, "hco3": 128.0, "cl": 160.0, "so4": 147.0, "no3": 11.0, "f": 1.4, "sar": 0.35, "rsc": -5.77, "page": 262.0, "is10500_exceedances": "", "n_params_tested": 6, "irrigation_class_e": "pass", "source_agency": "CGWB", "sample_period": "compiled 2019-20 (NAQUIM), no per-sample date published"}}, {"type": "Feature", "geometry": {"type": "Point", "coordinates": [78.7575, 21.3001]}, "properties": {"sr": "70", "taluka": "Katol", "site": "Ramgiri", "aquifer": "deep", "ph": 8.2, "ec": 798.0, "tds": 105.0, "th": 325.0, "ca": 48.0, "mg": 50.0, "na": 6.0, "k": 0.2, "hco3": 128.0, "cl": 89.0, "so4": 95.0, "no3": 65.0, "f": 0.5, "sar": 0.14, "rsc": -4.42, "page": 262.0, "is10500_exceedances": "nitrate", "n_params_tested": 6, "irrigation_class_e": "pass", "source_agency": "CGWB", "sample_period": "compiled 2019-20 (NAQUIM), no per-sample date published"}}, {"type": "Feature", "geometry": {"type": "Point", "coordinates": [78.7183, 21.3078]}, "properties": {"sr": "71", "taluka": "Katol", "site": "Malegaon", "aquifer": "deep", "ph": 8.0, "ec": 519.0, "tds": 140.0, "th": 235.0, "ca": 42.0, "mg": 32.0, "na": 5.0, "k": 0.3, "hco3": 171.0, "cl": 46.0, "so4": 21.0, "no3": 42.0, "f": 0.46, "sar": 0.14, "rsc": -1.93, "page": 262.0, "is10500_exceedances": "", "n_params_tested": 6, "irrigation_class_e": "pass", "source_agency": "CGWB", "sample_period": "compiled 2019-20 (NAQUIM), no per-sample date published"}}, {"type": "Feature", "geometry": {"type": "Point", "coordinates": [78.8094, 21.2653]}, "properties": {"sr": "72", "taluka": "Kalmeshwar", "site": "Kohli", "aquifer": "deep", "ph": 8.1, "ec": 852.0, "tds": 55.0, "th": 375.0, "ca": 16.0, "mg": 81.0, "na": 16.0, "k": 0.2, "hco3": 67.0, "cl": 106.0, "so4": 189.0, "no3": 44.0, "f": 1.4, "sar": 0.36, "rsc": -6.37, "page": 262.0, "is10500_exceedances": "", "n_params_tested": 6, "irrigation_class_e": "pass", "source_agency": "CGWB", "sample_period": "compiled 2019-20 (NAQUIM), no per-sample date published"}}, {"type": "Feature", "geometry": {"type": "Point", "coordinates": [78.9456, 21.2163]}, "properties": {"sr": "73", "taluka": "Kalmeshwar", "site": "Dahegaon", "aquifer": "deep", "ph": 8.3, "ec": 540.0, "tds": 110.0, "th": 235.0, "ca": 30.0, "mg": 39.0, "na": 8.0, "k": 0.4, "hco3": 134.0, "cl": 67.0, "so4": 33.0, "no3": 28.0, "f": 0.68, "sar": 0.23, "rsc": -2.21, "page": 262.0, "is10500_exceedances": "", "n_params_tested": 6, "irrigation_class_e": "pass", "source_agency": "CGWB", "sample_period": "compiled 2019-20 (NAQUIM), no per-sample date published"}}, {"type": "Feature", "geometry": {"type": "Point", "coordinates": [78.8408, 21.2397]}, "properties": {"sr": "74", "taluka": "Kalmeshwar", "site": "Khapri", "aquifer": "deep", "ph": 8.5, "ec": 492.0, "tds": 185.0, "th": 225.0, "ca": 12.0, "mg": 47.0, "na": 9.0, "k": 0.3, "hco3": 226.0, "cl": 25.0, "so4": 7.0, "no3": 21.0, "f": 1.31, "sar": 0.26, "rsc": -0.36, "page": 263.0, "is10500_exceedances": "", "n_params_tested": 6, "irrigation_class_e": "pass", "source_agency": "CGWB", "sample_period": "compiled 2019-20 (NAQUIM), no per-sample date published"}}, {"type": "Feature", "geometry": {"type": "Point", "coordinates": [78.8475, 21.2965]}, "properties": {"sr": "75", "taluka": "Kalmeshwar", "site": "Mohgaon", "aquifer": "deep", "ph": 8.4, "ec": 563.0, "tds": 170.0, "th": 275.0, "ca": 50.0, "mg": 36.0, "na": 3.0, "k": 0.3, "hco3": 207.0, "cl": 57.0, "so4": 26.0, "no3": 21.0, "f": 0.36, "sar": 0.08, "rsc": -1.77, "page": 263.0, "is10500_exceedances": "", "n_params_tested": 6, "irrigation_class_e": "pass", "source_agency": "CGWB", "sample_period": "compiled 2019-20 (NAQUIM), no per-sample date published"}}, {"type": "Feature", "geometry": {"type": "Point", "coordinates": [78.905, 21.3033]}, "properties": {"sr": "76", "taluka": "Saoner", "site": "Dhapewada", "aquifer": "deep", "ph": 8.1, "ec": 747.0, "tds": 205.0, "th": 330.0, "ca": 58.0, "mg": 45.0, "na": 6.0, "k": 0.3, "hco3": 250.0, "cl": 78.0, "so4": 41.0, "no3": 32.0, "f": 0.53, "sar": 0.14, "rsc": -2.5, "page": 263.0, "is10500_exceedances": "", "n_params_tested": 6, "irrigation_class_e": "pass", "source_agency": "CGWB", "sample_period": "compiled 2019-20 (NAQUIM), no per-sample date published"}}, {"type": "Feature", "geometry": {"type": "Point", "coordinates": [78.9497, 21.2686]}, "properties": {"sr": "77", "taluka": "Mauda", "site": "Gowri", "aquifer": "deep", "ph": 8.3, "ec": 470.0, "tds": 95.0, "th": 210.0, "ca": 26.0, "mg": 35.0, "na": 5.0, "k": 0.7, "hco3": 116.0, "cl": 85.0, "so4": 13.0, "no3": 1.0, "f": 0.36, "sar": 0.15, "rsc": -1.98, "page": 263.0, "is10500_exceedances": "", "n_params_tested": 6, "irrigation_class_e": "pass", "source_agency": "CGWB", "sample_period": "compiled 2019-20 (NAQUIM), no per-sample date published"}}, {"type": "Feature", "geometry": {"type": "Point", "coordinates": [78.9517, 21.2528]}, "properties": {"sr": "78", "taluka": "Kalmeshwar", "site": "Khairi lakhmaji", "aquifer": "deep", "ph": 7.2, "ec": 2211.0, "tds": 110.0, "th": 960.0, "ca": 246.0, "mg": 84.0, "na": 10.0, "k": 17.9, "hco3": 134.0, "cl": 557.0, "so4": 187.0, "no3": 31.0, "f": 0.9, "sar": 0.14, "rsc": -17.02, "page": 263.0, "is10500_exceedances": "hardness", "n_params_tested": 6, "irrigation_class_e": "pass", "source_agency": "CGWB", "sample_period": "compiled 2019-20 (NAQUIM), no per-sample date published"}}, {"type": "Feature", "geometry": {"type": "Point", "coordinates": [78.7831, 21.2376]}, "properties": {"sr": "79", "taluka": "Katol", "site": "Raulgaon", "aquifer": "deep", "ph": 8.2, "ec": 904.0, "tds": 120.0, "th": 395.0, "ca": 22.0, "mg": 83.0, "na": 17.0, "k": 0.2, "hco3": 146.0, "cl": 110.0, "so4": 139.0, "no3": 46.0, "f": 1.23, "sar": 0.37, "rsc": -5.54, "page": 263.0, "is10500_exceedances": "nitrate", "n_params_tested": 6, "irrigation_class_e": "pass", "source_agency": "CGWB", "sample_period": "compiled 2019-20 (NAQUIM), no per-sample date published"}}, {"type": "Feature", "geometry": {"type": "Point", "coordinates": [78.9047, 21.2636]}, "properties": {"sr": "80", "taluka": "Kalmeshwar", "site": "Waroda", "aquifer": "deep", "ph": 8.0, "ec": 1421.0, "tds": 250.0, "th": 250.0, "ca": 60.0, "mg": 120.3, "na": 9.8, "k": 0.2, "hco3": 305.0, "cl": 202.0, "so4": 100.2, "no3": 39.1, "f": 0.41, "sar": 0.17, "rsc": -7.9, "page": 263.0, "is10500_exceedances": "", "n_params_tested": 6, "irrigation_class_e": "pass", "source_agency": "CGWB", "sample_period": "compiled 2019-20 (NAQUIM), no per-sample date published"}}, {"type": "Feature", "geometry": {"type": "Point", "coordinates": [79.1203, 21.0093]}, "properties": {"sr": "81", "taluka": "Nagpur (R)", "site": "Salai Godhani", "aquifer": "deep", "ph": 7.56, "ec": 564.0, "tds": null, "th": 155.0, "ca": 52.0, "mg": 6.1, "na": 57.5, "k": 2.0, "hco3": 213.6, "cl": 24.8, "so4": 48.0, "no3": 25.42, "f": 0.67, "sar": 2.01, "rsc": 0.4, "page": 263.0, "is10500_exceedances": "", "n_params_tested": 5, "irrigation_class_e": "pass", "source_agency": "CGWB", "sample_period": "compiled 2019-20 (NAQUIM), no per-sample date published"}}, {"type": "Feature", "geometry": {"type": "Point", "coordinates": [79.2645, 21.0418]}, "properties": {"sr": "82", "taluka": "Kuhi", "site": "Dhanoli", "aquifer": "deep", "ph": 7.8, "ec": 2512.0, "tds": null, "th": 585.0, "ca": 24.0, "mg": 127.6, "na": 338.1, "k": 15.6, "hco3": 61.0, "cl": 694.8, "so4": 288.0, "no3": 14.26, "f": 2.2, "sar": 6.08, "rsc": -10.7, "page": 263.0, "is10500_exceedances": "fluoride", "n_params_tested": 5, "irrigation_class_e": "fail", "source_agency": "CGWB", "sample_period": "compiled 2019-20 (NAQUIM), no per-sample date published"}}, {"type": "Feature", "geometry": {"type": "Point", "coordinates": [78.9473, 20.9829]}, "properties": {"sr": "83", "taluka": "Hingna", "site": "Sukali Gharapure", "aquifer": "deep", "ph": 8.2, "ec": 1698.0, "tds": null, "th": 335.0, "ca": 46.0, "mg": 53.5, "na": 236.9, "k": 3.9, "hco3": 140.3, "cl": 322.6, "so4": 259.2, "no3": 19.84, "f": 4.4, "sar": 5.63, "rsc": -4.4, "page": 263.0, "is10500_exceedances": "fluoride", "n_params_tested": 5, "irrigation_class_e": "pass", "source_agency": "CGWB", "sample_period": "compiled 2019-20 (NAQUIM), no per-sample date published"}}, {"type": "Feature", "geometry": {"type": "Point", "coordinates": [79.2587, 20.7515]}, "properties": {"sr": "84", "taluka": "Bhiwapur", "site": "Mandwa", "aquifer": "deep", "ph": 7.47, "ec": 392.0, "tds": null, "th": 145.0, "ca": 26.0, "mg": 19.4, "na": 23.0, "k": 2.0, "hco3": 73.2, "cl": 70.9, "so4": 28.8, "no3": 3.1, "f": 0.43, "sar": 0.83, "rsc": -1.7, "page": 263.0, "is10500_exceedances": "", "n_params_tested": 5, "irrigation_class_e": "pass", "source_agency": "CGWB", "sample_period": "compiled 2019-20 (NAQUIM), no per-sample date published"}}]}